Workbook

Sheet 表1｜綜計表
A1: 國立臺灣大學學生會總預算案
A2: 綜計表
A3: 第37屆第二期間（113-2）
A4: 2025年03月04日至2025年07月31日 | I4: 單位：新台幣元
A5: 單位別 | F5: 本期間期入 | G5: 佔本期間期入 | H5: 本期間期出 | I5: 佔本期間期出
A6: 款 | B6: 項 | C6: 說明 | F6: 預算數 | G6: 百分比 | H6: 預算數 | I6: 百分比
C7: 合計 | F7: ='表2｜主要表'!G7 -> 1898833 | G7: =F7/F7 -> 1 | H7: =H9+H21+H24 -> 1396063.7 | I7: =H7/H7 -> 1
A9: 1 | B9: 0 | C9: 行政部門 | F9: ='表2｜主要表'!G9 -> 1898833 | G9: ='表2｜主要表'!H9 -> 1 | H9: ='表2｜主要表'!I9 -> 1183895.1 | I9: ='表2｜主要表'!J9 -> 0.84802371
B10: 1 | C10: 會長 | F10: ='表2｜主要表'!G11 -> 1848833 | G10: ='表2｜主要表'!H11 -> 0.97366804 | H10: ='表2｜主要表'!I11 -> 150568.42 | I10: ='表2｜主要表'!J11 -> 0.12718054
B11: 2 | C11: 秘書處 | F11: 0 | G11: ='表2｜主要表'!H21 -> 0 | H11: ='表2｜主要表'!I21 -> 52684.211 | I11: ='表2｜主要表'!J21 -> 0.044500742
B12: 3 | C12: 財務部 | F12: ='表2｜主要表'!G26 -> 0 | G12: ='表2｜主要表'!H26 -> 0 | H12: ='表2｜主要表'!I26 -> 22905 | I12: ='表2｜主要表'!J26 -> 0.019347153
B13: 4 | C13: 學權部 | F13: 0 | G13: ='表2｜主要表'!H31 -> 0 | H13: ='表2｜主要表'!I31 -> 33789.474 | I13: ='表2｜主要表'!J31 -> 0.028540935
B14: 5 | C14: 學術部 | F14: 0 | G14: ='表2｜主要表'!H36 -> 0 | H14: ='表2｜主要表'!I36 -> 217811 | I14: ='表2｜主要表'!J36 -> 0.18397829
B15: 6 | C15: 文化部 | F15: ='表2｜主要表'!G71 -> 0 | G15: ='表2｜主要表'!H71 -> 0 | H15: ='表2｜主要表'!I71 -> 158663 | I15: ='表2｜主要表'!J71 -> 0.13401779
B16: 7 | C16: 公關部 | F16: ='表2｜主要表'!G76 -> 0 | G16: ='表2｜主要表'!H76 -> 0 | H16: ='表2｜主要表'!I76 -> 25684 | I16: ='表2｜主要表'!J76 -> 0.02169449
B17: 8 | C17: 選舉罷免執行委員會 | F17: ='表2｜主要表'!G81 -> 50000 | G17: ='表2｜主要表'!H81 -> 0.026331963 | H17: ='表2｜主要表'!I81 -> 376232 | I17: ='表2｜主要表'!J81 -> 0.31779167
B18: 9 | C18: 國際事務部 | F18: ='表2｜主要表'!G87 -> 0 | G18: ='表2｜主要表'!H87 -> 0 | H18: ='表2｜主要表'!I87 -> 104705 | I18: ='表2｜主要表'!J87 -> 0.088441112
B19: A | C19: 資訊部 | F19: ='表2｜主要表'!G101 -> 0 | G19: ='表2｜主要表'!H101 -> 0 | H19: ='表2｜主要表'!I101 -> 40853 | I19: ='表2｜主要表'!J101 -> 0.03450728
A21: 2 | B21: 0 | C21: 立法部門 | F21: ='表2｜主要表'!G112 -> 0 | G21: ='表2｜主要表'!H112 -> 0 | H21: ='表2｜主要表'!I112 -> 118337 | I21: ='表2｜主要表'!J112 -> 0.084764758
B22: 1 | C22: 學生代表大會 | F22: ='表2｜主要表'!G113 -> 0 | G22: ='表2｜主要表'!H113 -> 0 | H22: ='表2｜主要表'!I113 -> 118337 | I22: ='表2｜主要表'!J113 -> 1
A24: 3 | B24: 0 | C24: 司法部門 | F24: ='表2｜主要表'!G119 -> 0 | G24: ='表2｜主要表'!H119 -> 0 | H24: ='表2｜主要表'!I119 -> 93831.579 | I24: ='表2｜主要表'!J119 -> 0.067211532
B25: 1 | C25: 學生法院 | F25: ='表2｜主要表'!G120 -> 0 | G25: ='表2｜主要表'!H120 -> 0 | H25: ='表2｜主要表'!I120 -> 93831.579 | I25: ='表2｜主要表'!J120 -> 1
A27: 款 | C27: 部門預算
A28: 項 | C28: 單位預算
A29: 目 | C29: 附屬單位預算
A30: 節 | C30: 計畫名稱

Sheet 表2｜主要表
A1: 國立臺灣大學學生會總預算案
A2: 主要表
A3: 第37屆第二期間（113-2）
A4: 2025年03月04日至2025年07月31日
A5: 單位計畫別 | E5: 預算科目 | G5: 本期期入 | I5: 本期期出 | K5: 各計畫會費支出情形
A6: 款 | B6: 項 | C6: 目 | D6: 節 | E6: 代碼 | F6: 名稱 | G6: 預算數 | I6: 預算數
F7: 合計 | G7: =G9+G112+G119 -> 1898833 | H7: =G7/G7 -> 1 | I7: ='表3-2｜期出預算附屬表'!G6 -> 1396063.7 | J7: =I7/I7 -> 1
A9: 1 | B9: 0 | C9: 0 | D9: 0 | F9: 行政部門 | G9: ='表3-1｜期入預算附屬表'!G9 -> 1898833 | H9: =G9/G7 -> 1 | I9: ='表3-2｜期出預算附屬表'!G8 -> 1183895.1 | J9: ='表3-2｜期出預算附屬表'!H8 -> 0.84802371
B11: 1 | C11: 0 | D11: 0 | F11: 會長 | G11: ='表3-1｜期入預算附屬表'!G11 -> 1848833 | H11: =G11/G9 -> 0.97366804 | I11: ='表3-2｜期出預算附屬表'!G10 -> 150568.42 | J11: ='表3-2｜期出預算附屬表'!H10 -> 0.12718054
C13: 0 | D13: 1 | F13: 一般行政計畫 | G13: ='表3-1｜期入預算附屬表'!G13 -> 1848833 | H13: =G13/G7 -> 0.97366804 | I13: ='表3-2｜期出預算附屬表'!G11 -> 80410 | J13: ='表3-2｜期出預算附屬表'!H11 -> 0.53404293
C14: 0 | D14: 2 | F14: 2024 春季招募計畫 | G14: ='表3-1｜期入預算附屬表'!G19 -> 0 | H14: 0 | I14: ='表3-2｜期出預算附屬表'!G17 -> 3300 | J14: ='表3-2｜期出預算附屬表'!H17 -> 0.021916946 | K14: ="會費支出："&(I14-G14) -> 會費支出：3300
C15: 0 | D15: 3 | F15: 2025社團博覽會 | G15: ='表3-1｜期入預算附屬表'!G20 -> 0 | H15: 0 | I15: ='表3-2｜期出預算附屬表'!G20 -> 7880 | J15: ='表3-2｜期出預算附屬表'!H20 -> 0.052335011 | K15: ="會費支出："&(I15-G15) -> 會費支出：7880
C16: 0 | D16: 4 | F16: 學生會全會交流計畫 | G16: ='表3-1｜期入預算附屬表'!G21 -> 0 | H16: 0 | I16: ='表3-2｜期出預算附屬表'!G24 -> 14100 | J16: ='表3-2｜期出預算附屬表'!H24 -> 0.093645134 | K16: ="會費支出："&(I16-G16) -> 會費支出：14100
C17: 0 | D17: 5 | F17: 全校師生座談會計畫 | G17: 0 | H17: 0 | I17: ='表3-2｜期出預算附屬表'!G29 -> 19050 | J17: ='表3-2｜期出預算附屬表'!H29 -> 0.12652055 | K17: ="會費支出："&(I17-G17) -> 會費支出：19050
C18: 0 | D18: 6 | F18: 職棒會長來台大－職棒如何走向榮景及新球季展望 | G18: ='表3-1｜期入預算附屬表'!G23 -> 0 | H18: 0 | I18: ='表3-2｜期出預算附屬表'!G33 -> 18300 | J18: ='表3-2｜期出預算附屬表'!H33 -> 0.12153943 | K18: ="會費支出："&(I18-G18) -> 會費支出：18300
C19: 9 | D19: 9 | F19: 預備金 | G19: ='表3-1｜期入預算附屬表'!G21 -> 0 | H19: 0 | I19: ='表3-2｜期出預算附屬表'!G39 -> 7528.4211 | J19: ='表3-2｜期出預算附屬表'!H39 -> 0.05 | K19: 會費支出：7528
B21: 2 | C21: 0 | D21: 0 | F21: 秘書處 | G21: 0 | H21: 0 | I21: ='表3-2｜期出預算附屬表'!G42 -> 52684.211 | J21: ='表3-2｜期出預算附屬表'!H42 -> 0.044500742
C23: 0 | D23: 1 | F23: 一般行政計畫 | G23: ='表3-1｜期入預算附屬表'!G25 -> 0 | H23: 0 | I23: ='表3-2｜期出預算附屬表'!G43 -> 50050 | J23: ='表3-2｜期出預算附屬表'!H43 -> 0.95
C24: 9 | D24: 9 | F24: 預備金 | G24: ='表3-1｜期入預算附屬表'!G26 -> 0 | H24: 0 | I24: ='表3-2｜期出預算附屬表'!G51 -> 2634.2105 | J24: ='表3-2｜期出預算附屬表'!H51 -> 0.05
B26: 3 | C26: 0 | D26: 0 | F26: 財務部 | G26: ='表3-1｜期入預算附屬表'!G28 -> 0 | H26: 0 | I26: ='表3-2｜期出預算附屬表'!G54 -> 22905 | J26: ='表3-2｜期出預算附屬表'!H54 -> 0.019347153
C28: 0 | D28: 1 | F28: 一般行政計畫 | G28: ='表3-1｜期入預算附屬表'!G30 -> 0 | H28: 0 | I28: ='表3-2｜期出預算附屬表'!G55 -> 21760 | J28: ='表3-2｜期出預算附屬表'!H55 -> 0.95001091
C29: 9 | D29: 9 | F29: 預備金 | G29: ='表3-1｜期入預算附屬表'!G31 -> 0 | H29: 0 | I29: ='表3-2｜期出預算附屬表'!G62 -> 1145 | J29: ='表3-2｜期出預算附屬表'!H62 -> 0.049989085
B31: 4 | C31: 0 | D31: 0 | F31: 學權部 | G31: 0 | H31: 0 | I31: ='表3-2｜期出預算附屬表'!G65 -> 33789.474 | J31: ='表3-2｜期出預算附屬表'!H65 -> 0.028540935
C33: 0 | D33: 1 | F33: 一般行政計畫 | G33: ='表3-1｜期入預算附屬表'!G35 -> 0 | H33: 0 | I33: ='表3-2｜期出預算附屬表'!G66 -> 32100 | J33: ='表3-2｜期出預算附屬表'!H66 -> 0.95
C34: 9 | D34: 9 | F34: 預備金 | G34: ='表3-1｜期入預算附屬表'!G36 -> 0 | H34: 0 | I34: ='表3-2｜期出預算附屬表'!G70 -> 1689.4737 | J34: ='表3-2｜期出預算附屬表'!H70 -> 0.05
B36: 5 | C36: 0 | D36: 0 | F36: 學術部 | G36: 0 | H36: 0 | I36: ='表3-2｜期出預算附屬表'!G73 -> 217811 | J36: ='表3-2｜期出預算附屬表'!H73 -> 0.18397829
C38: 0 | D38: 1 | F38: 一般行政計畫 | G38: ='表3-1｜期入預算附屬表'!G40 -> 0 | H38: 0 | I38: ='表3-2｜期出預算附屬表'!G75 -> 10000 | J38: ='表3-2｜期出預算附屬表'!H75 -> 0.045911364
C40: 1 | D40: 0 | F40: 性別工作坊 | G40: ='表3-1｜期入預算附屬表'!G42 -> 0 | H40: 0 | I40: ='表3-2｜期出預算附屬表'!G78 -> 70400 | J40: ='表3-2｜期出預算附屬表'!H78 -> 0.323216
D41: 1 | F41: 一般行政計畫 | G41: 0 | H41: 0 | I41: ='表3-2｜期出預算附屬表'!G79 -> 5000 | J41: ='表3-2｜期出預算附屬表'!H79 -> 0.071022727
D42: 2 | F42: 生理用品交換站暨月經議題倡議計畫 | G42: 0 | H42: 0 | I42: ='表3-2｜期出預算附屬表'!G81 -> 5930 | J42: ='表3-2｜期出預算附屬表'!H81 -> 0.084232955 | K42: ="會費支出："&(I42-G42) -> 會費支出：5930
D43: 3 | F43: NTU LGTBQ+ Community | G43: 0 | H43: 0 | I43: ='表3-2｜期出預算附屬表'!G85 -> 21020 | J43: ='表3-2｜期出預算附屬表'!H85 -> 0.29857955 | K43: ="會費支出："&(I43-G43) -> 會費支出：21020
D44: 4 | F44: 性別樹洞 | G44: 0 | H44: 0 | I44: ='表3-2｜期出預算附屬表'!G94 -> 5350 | J44: ='表3-2｜期出預算附屬表'!H94 -> 0.075994318 | K44: ="會費支出："&(I44-G44) -> 會費支出：5350
D45: 5 | F45: 節目製作【台大沒有愛那些大學戀情的坎坷與曲折，以及當今的性別議題】 | G45: 0 | H45: 0 | I45: ='表3-2｜期出預算附屬表'!G98 -> 33100 | J45: ='表3-2｜期出預算附屬表'!H98 -> 0.47017045 | K45: ="會費支出："&(I45-G45) -> 會費支出：33100
C47: 2 | D47: 0 | F47: 轉型正義組 | G47: ='表3-1｜期入預算附屬表'!G49 -> 0 | H47: 0 | I47: ='表3-2｜期出預算附屬表'!G106 -> 30470 | J47: ='表3-2｜期出預算附屬表'!H106 -> 0.13989192
D48: 1 | F48: 一般行政計畫 | G48: 0 | H48: 0 | I48: ='表3-2｜期出預算附屬表'!G107 -> 5000 | J48: ='表3-2｜期出預算附屬表'!H107 -> 0.16409583
D49: 2 | F49: 走讀活動【臺大記憶地圖：民主與自由的歷史軌跡】 | G49: 0 | H49: 0 | I49: ='表3-2｜期出預算附屬表'!G109 -> 7910 | J49: ='表3-2｜期出預算附屬表'!H109 -> 0.25959961 | K49: ="會費支出："&(I49-G49) -> 會費支出：7910
D50: 3 | F50: 讀書會【轉型正義讀書沙龍】 | G50: 0 | H50: 0 | I50: ='表3-2｜期出預算附屬表'!G120 -> 12030 | J50: ='表3-2｜期出預算附屬表'!H120 -> 0.39481457 | K50: ="會費支出："&(I50-G50) -> 會費支出：12030
D51: 4 | F51: 參訪活動【跟著轉型正義小組一同參訪去：景美白色恐怖人權園區】 | G51: 0 | H51: 0 | I51: ='表3-2｜期出預算附屬表'!G129 -> 1220 | J51: ='表3-2｜期出預算附屬表'!H129 -> 0.040039383 | K51: ="會費支出："&(I51-G51) -> 會費支出：1220
D52: 5 | F52: 社群經營【轉型正義小組社群經營】 | G52: 0 | H52: 0 | I52: ='表3-2｜期出預算附屬表'!G135 -> 4310 | J52: ='表3-2｜期出預算附屬表'!H135 -> 0.14145061 | K52: ="會費支出："&(I52-G52) -> 會費支出：4310
C54: 3 | D54: 0 | F54: 永續組 | G54: ='表3-1｜期入預算附屬表'!G56 -> 0 | H54: 0 | I54: ='表3-2｜期出預算附屬表'!G140 -> 56050 | J54: ='表3-2｜期出預算附屬表'!H140 -> 0.25733319
D55: 1 | F55: 一般行政計畫 | G55: 0 | H55: 0 | I55: ='表3-2｜期出預算附屬表'!G141 -> 2500 | J55: ='表3-2｜期出預算附屬表'!H141 -> 0.044603033
D56: 2 | F56: 「拾海 • 藍印」淨灘與「循環零廢棄」網站架設 | G56: 0 | H56: 0 | I56: ='表3-2｜期出預算附屬表'!G144 -> 10310 | J56: ='表3-2｜期出預算附屬表'!H144 -> 0.18394291 | K56: ="會費支出："&(I56-G56) -> 會費支出：10310
D57: 3 | F57: 二手彩妝校園定點募集 | G57: 0 | H57: 0 | I57: ='表3-2｜期出預算附屬表'!G153 -> 2250 | J57: ='表3-2｜期出預算附屬表'!H153 -> 0.04014273 | K57: ="會費支出："&(I57-G57) -> 會費支出：2250
D58: 4 | F58: 2025世界地球日「垃圾復活日」對談暨餐會 | G58: 0 | H58: 0 | I58: ='表3-2｜期出預算附屬表'!G157 -> 40990 | J58: ='表3-2｜期出預算附屬表'!H157 -> 0.73131133 | K58: ="會費支出："&(I58-G58) -> 會費支出：40990
C60: 4 | D60: 0 | F60: 本土語言小組 | G60: ='表3-1｜期入預算附屬表'!G63 -> 0 | H60: 0 | I60: ='表3-2｜期出預算附屬表'!G172 -> 40000 | J60: ='表3-2｜期出預算附屬表'!H172 -> 0.18364545
D61: 1 | F61: 一般行政計畫 | G61: 0 | H61: 0 | I61: ='表3-2｜期出預算附屬表'!G173 -> 2500 | J61: ='表3-2｜期出預算附屬表'!H173 -> 0.0625
D62: 2 | F62: 台語文課程講座 | G62: 0 | H62: 0 | I62: ='表3-2｜期出預算附屬表'!G175 -> 6280 | J62: ='表3-2｜期出預算附屬表'!H175 -> 0.157 | K62: ="會費支出："&(I62-G62) -> 會費支出：6280
D63: 3 | F63: 合辦本土語言週活動 | G63: 0 | H63: 0 | I63: ='表3-2｜期出預算附屬表'!G179 -> 18500 | J63: ='表3-2｜期出預算附屬表'!H179 -> 0.4625 | K63: ="會費支出："&(I63-G63) -> 會費支出：18500
D64: 4 | F64: 講座【客語音樂人經驗分享】 | G64: 0 | H64: 0 | I64: ='表3-2｜期出預算附屬表'!G185 -> 4890 | J64: ='表3-2｜期出預算附屬表'!H185 -> 0.12225 | K64: ="會費支出："&(I64-G64) -> 會費支出：4890
D65: 5 | F65: 講座【族名單列與族語復振的倡議及挑戰】 | G65: 0 | H65: 0 | I65: ='表3-2｜期出預算附屬表'!G192 -> 4890 | J65: ='表3-2｜期出預算附屬表'!H192 -> 0.12225 | K65: ="會費支出："&(I65-G65) -> 會費支出：4890
D66: 6 | F66: 社群經營【本土語言小組社群經營】 | G66: 0 | H66: 0 | I66: ='表3-2｜期出預算附屬表'!G199 -> 2940 | J66: ='表3-2｜期出預算附屬表'!H199 -> 0.0735 | K66: ="會費支出："&(I66-G66) -> 會費支出：2940
C68: 9 | D68: 9 | F68: 預備金 | G68: 0 | H68: 0 | I68: ='表3-2｜期出預算附屬表'!G203 -> 10891 | J68: ='表3-2｜期出預算附屬表'!H203 -> 0.050002066
B71: 6 | C71: 0 | D71: 0 | F71: 文化部 | G71: 0 | H71: 0 | I71: ='表3-2｜期出預算附屬表'!G206 -> 158663 | J71: ='表3-2｜期出預算附屬表'!H206 -> 0.13401779
C73: 0 | D73: 2 | F73: 2025 臺大電影節社區串聯放映 | G73: 0 | H73: 0 | I73: ='表3-2｜期出預算附屬表'!G207 -> 150730 | J73: ='表3-2｜期出預算附屬表'!H207 -> 0.95000095 | K73: ="會費支出："&(I73-G73) -> 會費支出：150730
C74: 9 | D74: 9 | F74: 預備金 | G74: 0 | H74: 0 | I74: ='表3-2｜期出預算附屬表'!G214 -> 7933 | J74: ='表3-2｜期出預算附屬表'!H214 -> 0.049999055
B76: 7 | C76: 0 | D76: 0 | F76: 公關部 | G76: 0 | H76: 0 | I76: ='表3-2｜期出預算附屬表'!G217 -> 25684 | J76: ='表3-2｜期出預算附屬表'!H217 -> 0.02169449
C78: 0 | D78: 1 | F78: 一般行政計畫 | G78: 0 | H78: 0 | I78: ='表3-2｜期出預算附屬表'!G218 -> 24400 | J78: ='表3-2｜期出預算附屬表'!H218 -> 0.95000779
C79: 9 | D79: 9 | F79: 預備金 | G79: 0 | H79: 0 | I79: ='表3-2｜期出預算附屬表'!G221 -> 5000 | J79: ='表3-2｜期出預算附屬表'!H221 -> 0.20491803
B81: 8 | C81: 0 | D81: 0 | F81: 選舉罷免執行委員會 | G81: ='表3-1｜期入預算附屬表'!G83 -> 50000 | H81: =G81/G7 -> 0.026331963 | I81: ='表3-2｜期出預算附屬表'!G225 -> 376232 | J81: ='表3-2｜期出預算附屬表'!H225 -> 0.31779167
C83: 0 | D83: 1 | F83: 一般行政計畫 | G83: ='表3-1｜期入預算附屬表'!G85 -> 10000 | H83: =G83/$G$81 -> 0.2 | I83: ='表3-2｜期出預算附屬表'!G226 -> 45000 | J83: ='表3-2｜期出預算附屬表'!H226 -> 0.11960705
C84: 0 | D84: 2 | F84: 選務行政計畫 | G84: ='表3-1｜期入預算附屬表'!G87 -> 40000 | H84: =G84/$G$81 -> 0.8 | I84: ='表3-2｜期出預算附屬表'!G239 -> 312420 | J84: ='表3-2｜期出預算附屬表'!H239 -> 0.83039189
C85: 9 | D85: 9 | F85: 預備金 | G85: 0 | H85: 0 | I85: ='表3-2｜期出預算附屬表'!G254 -> 18812 | J85: ='表3-2｜期出預算附屬表'!H254 -> 0.050001063
B87: 9 | C87: 0 | D87: 0 | F87: 國際事務部 | G87: ='表3-1｜期入預算附屬表'!G91 -> 0 | H87: 0 | I87: ='表3-2｜期出預算附屬表'!G257 -> 104705 | J87: ='表3-2｜期出預算附屬表'!H257 -> 0.088441112
C89: 0 | D89: 1 | F89: 一般行政計畫 | G89: ='表3-1｜期入預算附屬表'!G93 -> 0 | H89: 0 | I89: ='表3-2｜期出預算附屬表'!G258 -> 44870 | J89: ='表3-2｜期出預算附屬表'!H258 -> 0.42853732
C91: 1 | D91: 0 | F91: 權益組 | G91: ='表3-1｜期入預算附屬表'!G95 -> 0 | H91: 0 | I91: ='表3-2｜期出預算附屬表'!G265 -> 26200 | J91: ='表3-2｜期出預算附屬表'!H265 -> 0.25022683
D92: 1 | F92: Foreign Student Conference | G92: 0 | H92: 0 | I92: ='表3-2｜期出預算附屬表'!G266 -> 26200 | J92: ='表3-2｜期出預算附屬表'!H266 -> 1 | K92: ="會費支出："&(I92-G92) -> 會費支出：26200
C94: 2 | D94: 0 | F94: 活動組 | G94: 0 | H94: 0 | I94: ='表3-2｜期出預算附屬表'!G273 -> 28400 | J94: ='表3-2｜期出預算附屬表'!H273 -> 0.27123824
D95: 1 | F95: 手作食物DIY | G95: 0 | H95: 0 | I95: ='表3-2｜期出預算附屬表'!G274 -> 7500 | J95: ='表3-2｜期出預算附屬表'!H274 -> 0.26408451 | K95: ="會費支出："&(I95-G95) -> 會費支出：7500
D96: 2 | F96: 復活節之夜 | G96: 0 | H96: 0 | I96: ='表3-2｜期出預算附屬表'!G281 -> 10900 | J96: ='表3-2｜期出預算附屬表'!H281 -> 0.38380282 | K96: ="會費支出："&(I96-G96) -> 會費支出：10900
D97: 3 | F97: Career Day | G97: 0 | H97: 0 | I97: ='表3-2｜期出預算附屬表'!G289 -> 10000 | J97: ='表3-2｜期出預算附屬表'!H289 -> 0.35211268 | K97: ="會費支出："&(I97-G97) -> 會費支出：10000
C99: 9 | D99: 9 | F99: 預備金 | G99: ='表3-1｜期入預算附屬表'!G98 -> 0 | H99: 0 | I99: ='表3-2｜期出預算附屬表'!G296 -> 5235 | J99: ='表3-2｜期出預算附屬表'!H296 -> 0.049997612
B101: A | C101: 0 | D101: 0 | F101: 資訊部 | G101: ='表3-1｜期入預算附屬表'!G105 -> 0 | H101: 0 | I101: ='表3-2｜期出預算附屬表'!G299 -> 40853 | J101: ='表3-2｜期出預算附屬表'!H299 -> 0.03450728
C103: 0 | D103: 1 | F103: 一般行政計畫 | G103: 0 | H103: 0 | I103: ='表3-2｜期出預算附屬表'!G300 -> 1900 | J103: ='表3-2｜期出預算附屬表'!H300 -> 0.046508212
C104: 0 | D104: 2 | F104: 全校網際網路服務體驗改善專案計畫 | G104: 0 | H104: 0 | I104: ='表3-2｜期出預算附屬表'!G302 -> 4940 | J104: ='表3-2｜期出預算附屬表'!H302 -> 0.12092135 | K104: ="會費支出："&(I104-G104) -> 會費支出：4940
C105: 0 | D105: 3 | F105: 校內新資訊系統開發流程規範追蹤計畫 | G105: 0 | H105: 0 | I105: ='表3-2｜期出預算附屬表'!G307 -> 4560 | J105: ='表3-2｜期出預算附屬表'!H307 -> 0.11161971 | K105: ="會費支出："&(I105-G105) -> 會費支出：4560
C106: 0 | D106: 4 | F106: 校內資訊安全與隱私權議題探討及改善倡議計畫 | G106: 0 | H106: 0 | I106: ='表3-2｜期出預算附屬表'!G312 -> 6080 | J106: ='表3-2｜期出預算附屬表'!H312 -> 0.14882628 | K106: ="會費支出："&(I106-G106) -> 會費支出：6080
C107: 0 | D107: 5 | F107: 陳情案件處理及資訊相關突發事件追蹤 | G107: 0 | H107: 0 | I107: ='表3-2｜期出預算附屬表'!G317 -> 14680 | J107: ='表3-2｜期出預算附屬表'!H317 -> 0.35933714 | K107: ="會費支出："&(I107-G107) -> 會費支出：14680
C108: 0 | D108: 6 | F108: 學生會內資訊基礎建設與會內訓練工作坊 | G108: 0 | H108: 0 | I108: ='表3-2｜期出預算附屬表'!G323 -> 2850 | J108: ='表3-2｜期出預算附屬表'!H323 -> 0.069762319 | K108: ="會費支出："&(I108-G108) -> 會費支出：2850
C109: 0 | D109: 7 | F109: 校園資料收集與分析 | G109: 0 | H109: 0 | I109: ='表3-2｜期出預算附屬表'!G326 -> 3800 | J109: ='表3-2｜期出預算附屬表'!H326 -> 0.093016425 | K109: ="會費支出："&(I109-G109) -> 會費支出：3800
C110: 9 | D110: 9 | F110: 預備金 | G110: 0 | H110: 0 | I110: ='表3-2｜期出預算附屬表'!G329 -> 2043 | J110: ='表3-2｜期出預算附屬表'!H329 -> 0.050008567 | K110: ="會費支出："&(I110-G110) -> 會費支出：2043
A112: 2 | B112: 0 | C112: 0 | D112: 0 | F112: 立法部門 | G112: ='表3-1｜期入預算附屬表'!G116 -> 0 | H112: 0 | I112: ='表3-2｜期出預算附屬表'!G333 -> 118337 | J112: ='表3-2｜期出預算附屬表'!H333 -> 0.084764758
B113: 1 | C113: 0 | D113: 0 | F113: 學生代表大會 | G113: ='表3-1｜期入預算附屬表'!G118 -> 0 | H113: 0 | I113: ='表3-2｜期出預算附屬表'!G334 -> 118337 | J113: ='表3-2｜期出預算附屬表'!H334 -> 1
C114: 0 | D114: 1 | F114: 一般立法計畫 | G114: 0 | H114: 0 | I114: ='表3-2｜期出預算附屬表'!G335 -> 100720 | J114: ='表3-2｜期出預算附屬表'!H335 -> 0.85112856
C115: 0 | D115: 2 | F115: 選舉監察計畫 | G115: 0 | H115: 0 | I115: ='表3-2｜期出預算附屬表'!G345 -> 7800 | J115: ='表3-2｜期出預算附屬表'!H345 -> 0.065913451
C116: 0 | D116: 3 | F116: 友校學生議會交流計畫 | G116: 0 | H116: 0 | I116: ='表3-2｜期出預算附屬表'!G349 -> 3900 | J116: ='表3-2｜期出預算附屬表'!H349 -> 0.032956725 | K116: ="會費支出："&(I116-G116) -> 會費支出：3900
C117: 9 | D117: 9 | F117: 預備金 | G117: ='表3-1｜期入預算附屬表'!G128 -> 0 | H117: 0 | I117: ='表3-2｜期出預算附屬表'!G354 -> 5917 | J117: ='表3-2｜期出預算附屬表'!H354 -> 0.050001268
A119: 3 | B119: 0 | C119: 0 | D119: 0 | F119: 司法部門 | G119: ='表3-1｜期入預算附屬表'!G130 -> 0 | H119: ='表3-1｜期入預算附屬表'!H130 -> 0 | I119: ='表3-2｜期出預算附屬表'!G358 -> 93831.579 | J119: ='表3-2｜期出預算附屬表'!H358 -> 0.067211532
B120: 1 | C120: 0 | D120: 0 | F120: 學生法院 | G120: ='表3-1｜期入預算附屬表'!G132 -> 0 | H120: ='表3-1｜期入預算附屬表'!H132 -> 0 | I120: ='表3-2｜期出預算附屬表'!G359 -> 93831.579 | J120: ='表3-2｜期出預算附屬表'!H359 -> 1
C121: 0 | D121: 1 | F121: 一般司法計畫 | G121: ='表3-1｜期入預算附屬表'!G134 -> 0 | H121: ='表3-1｜期入預算附屬表'!H134 -> 0 | I121: ='表3-2｜期出預算附屬表'!G360 -> 89140 | J121: ='表3-2｜期出預算附屬表'!H360 -> 0.95
C122: 9 | D122: 9 | F122: 預備金 | G122: ='表3-1｜期入預算附屬表'!G136 -> 0 | H122: ='表3-1｜期入預算附屬表'!H136 -> 0 | I122: ='表3-2｜期出預算附屬表'!G370 -> 4691.5789 | J122: ='表3-2｜期出預算附屬表'!H370 -> 0.05

Sheet 表3-1｜期入預算附屬表
A1: 國立臺灣大學學生會總預算案
A2: 期入預算附屬表
A3: 第37屆第二期間（113-2）
A4: 2025年03月04日至2025年07月31日 | I4: 單位：新台幣元
A5: 單位計畫別 | E5: 預算科目 | G5: 本期間 | H5: 本期間 | I5: 說明 | J5: 委員會意見｜大會審議結果
A6: 款 | B6: 項 | C6: 目 | D6: 節 | E6: 代碼 | F6: 名稱 | G6: 預算數 | H6: 百分比
F7: 合計 | G7: =G9+G116+G130 -> 1898833 | H7: 1
A9: 1 | B9: 0 | C9: 0 | D9: 0 | F9: 行政部門 | G9: =G11+G23+G28+G33+G38+G73+G78+G83+G91+G105 -> 1898833 | H9: =G9/$G$7 -> 1
B11: 1 | C11: 0 | D11: 0 | F11: 會長 | G11: =G13+G19+G21 -> 1848833 | H11: =G11/$G$9 -> 0.97366804
C13: 0 | D13: 1 | F13: 一般行政計畫 | G13: =G14+G15 -> 1848833 | H13: =G13/$G$11 -> 1
E14: Z04 | F14: 公關贊助收入 | G14: 20000 | H14: =G14/$G$13 -> 0.010817635 | I14: 各類廠商贊助
E15: Z99 | F15: 前期轉入 | G15: 1828833 | H15: =G15/$G$13 -> 0.98918237 | I15: 第37-1屆期間總決算尚未編造及審議完成，依目前中信及郵局存簿餘額暫列為1,828,833元
C16: 0 | D16: 2 | F16: 2025春季招募計畫 | G16: 0 | H16: =G16/$G$11 -> 0
C17: 0 | D17: 3 | F17: 2025社團博覽會 | G17: 0 | H17: =G17/$G$11 -> 0
C18: 0 | D18: 4 | F18: 學生會全會交流計畫 | G18: 0 | H18: =G18/$G$11 -> 0
C19: 0 | D19: 5 | F19: 全校師生座談會計畫 | G19: 0 | H19: =G19/$G$11 -> 0
C20: 0 | D20: 6 | F20: 職棒會長來台大－職棒如何走向榮景及新球季展望 | G20: 0 | H20: =G20/$G$11 -> 0
C21: 9 | D21: 9 | F21: 預備金 | G21: 0 | H21: =G21/$G$11 -> 0
B23: 2 | C23: 0 | D23: 0 | F23: 秘書處 | G23: 0 | H23: =G23/$G$9 -> 0
C25: 0 | D25: 1 | F25: 一般行政計畫 | G25: 0 | H25: 0
C26: 9 | D26: 9 | F26: 預備金 | G26: 0 | H26: 0
B28: 3 | C28: 0 | D28: 0 | F28: 財務部 | G28: 0 | H28: =G28/$G$9 -> 0
C30: 0 | D30: 1 | F30: 一般行政計畫 | G30: 0 | H30: 0
C31: 9 | D31: 9 | F31: 預備金 | G31: 0 | H31: 0
B33: 4 | C33: 0 | D33: 0 | F33: 學權部 | G33: 0 | H33: =G33/$G$9 -> 0
C35: 0 | D35: 1 | F35: 一般行政計畫 | G35: 0 | H35: 0
C36: 9 | D36: 9 | F36: 預備金 | G36: 0 | H36: 0
B38: 5 | C38: 0 | D38: 0 | F38: 學術部 | G38: 0 | H38: =G38/$G$9 -> 0
C40: 0 | D40: 1 | F40: 一般行政計畫 | G40: 0 | H40: 0
C42: 1 | D42: 0 | F42: 性別工作坊 | G42: 0 | H42: 0
D43: 1 | F43: 一般行政計畫 | G43: 0 | H43: 0
D44: 2 | F44: 生理用品交換站暨月經議題倡議計畫 | G44: 0 | H44: 0
D45: 3 | F45: NTU LGTBQ+ Community | G45: 0 | H45: 0
D46: 4 | F46: 性別樹洞 | G46: 0 | H46: 0
D47: 5 | F47: 節目製作【台大沒有愛那些大學戀情的坎坷與曲折，以及當今的性別議題】 | G47: 0 | H47: 0
C49: 2 | D49: 0 | F49: 轉型正義組 | G49: 0 | H49: 0
D50: 1 | F50: 一般行政計畫 | G50: 0 | H50: 0
D51: 2 | F51: 走讀活動【臺大記憶地圖：民主與自由的歷史軌跡】 | G51: 0 | H51: 0
D52: 3 | F52: 讀書會【轉型正義讀書沙龍】 | G52: 0 | H52: 0
D53: 4 | F53: 參訪活動【跟著轉型正義小組一同參訪去：景美白色恐怖人權園區】 | G53: 0 | H53: 0
D54: 5 | F54: 社群經營【轉型正義小組社群經營】 | G54: 0 | H54: 0
C56: 3 | D56: 0 | F56: 永續組 | G56: 0 | H56: 0
D57: 1 | F57: 一般行政計畫 | G57: 0 | H57: 0
D58: 2 | F58: 「拾海 • 藍印」淨灘與「循環零廢棄」網站架設 | G58: 0 | H58: 0
D59: 3 | F59: 二手彩妝校園定點募集 | G59: 0 | H59: 0
D60: 4 | F60: 2025世界地球日「垃圾復活日 | G60: 0 | H60: 0
F61: 」對談暨餐會
C63: 4 | D63: 0 | F63: 本土語言小組 | G63: 0 | H63: 0
D64: 1 | F64: 一般行政計畫 | G64: 0 | H64: 0
D65: 2 | F65: 台語文課程講座 | G65: 0 | H65: 0
D66: 3 | F66: 合辦本土語言週活動 | G66: 0 | H66: 0
D67: 4 | F67: 講座【客語音樂人經驗分享】 | G67: 0 | H67: 0
D68: 5 | F68: 講座【族名單列與族語復振的倡議及挑戰】 | G68: 0 | H68: 0
D69: 6 | F69: 社群經營【本土語言小組社群經營】 | G69: 0 | H69: 0
C71: 9 | D71: 9 | F71: 預備金 | G71: 0 | H71: 0
B73: 6 | C73: 0 | D73: 0 | F73: 文化部 | G73: 0 | H73: 0
C75: 0 | D75: 2 | F75: 2025 臺大電影節社區串聯放映 | G75: 0 | H75: 0
C76: 9 | D76: 9 | F76: 預備金 | G76: 0 | H76: 0
B78: 7 | C78: 0 | D78: 0 | F78: 公關部 | G78: 0 | H78: =G78/$G$9 -> 0
C80: 0 | D80: 1 | F80: 一般行政計畫 | G80: 0 | H80: 0
C81: 9 | D81: 9 | F81: 預備金 | G81: 0 | H81: 0
B83: 8 | C83: 0 | D83: 0 | F83: 選舉罷免執行委員會 | G83: =G85+G87+G89 -> 50000 | H83: =G83/$G$9 -> 0.026331963
C85: 0 | D85: 1 | F85: 一般行政計畫 | G85: =G86 -> 10000 | H85: =G85/$G$83 -> 0.2
E86: Z52 | F86: 學校專案補助 | G86: 10000 | H86: =G86/$G$85 -> 1 | I86: (1) 學務處課外組選務常態補助。
C87: 0 | D87: 2 | F87: 選務行政計畫 | G87: =G88 -> 40000 | H87: =G87/$G$83 -> 0.8
E88: Z52 | F88: 學校專案補助 | G88: 40000 | H88: =G88/$G$87 -> 1 | I88: (1) 學務處課外組選務常態補助。
C89: 9 | D89: 9 | F89: 預備金 | G89: 0 | H89: =G89/$G$83 -> 0
B91: 9 | C91: 0 | D91: 0 | F91: 國際事務部 | G91: 0 | H91: =G91/$G$9 -> 0
C93: 0 | D93: 1 | F93: 一般行政計畫 | G93: 0 | H93: 0
C95: 1 | D95: 0 | F95: 權益組 | G95: 0 | H95: 0
D96: 1 | F96: Foreign Student Conference | G96: 0 | H96: 0
C98: 2 | D98: 0 | F98: 活動組 | G98: 0 | H98: 0
D99: 1 | F99: 手作食物DIY | G99: 0 | H99: 0
D100: 2 | F100: 復活節之夜 | G100: 0 | H100: 0
D101: 3 | F101: Career Day | G101: 0 | H101: 0
C103: 9 | D103: 9 | F103: 預備金 | G103: 0 | H103: 0
B105: A | C105: 0 | D105: 0 | F105: 資訊部 | G105: 0 | H105: =G105/$G$9 -> 0
C107: 0 | D107: 1 | F107: 一般行政計畫 | G107: 0 | H107: 0
C108: 0 | D108: 2 | F108: 全校網際網路服務體驗改善專案計畫 | G108: 0 | H108: 0
C109: 0 | D109: 3 | F109: 校內新資訊系統開發流程規範追蹤計畫 | G109: 0 | H109: 0
C110: 0 | D110: 4 | F110: 校內資訊安全與隱私權議題探討及改善倡議計畫 | G110: 0 | H110: 0
C111: 0 | D111: 5 | F111: 陳情案件處理及資訊相關突發事件追蹤 | G111: 0 | H111: 0
C112: 0 | D112: 6 | F112: 學生會內資訊基礎建設與會內訓練工作坊 | G112: 0 | H112: 0
C113: 0 | D113: 7 | F113: 校園資料收集與分析 | G113: 0 | H113: 0
C114: 9 | D114: 9 | F114: 預備金 | G114: 0 | H114: 0
A116: 2 | B116: 0 | C116: 0 | D116: 0 | F116: 立法部門 | G116: 0 | H116: =G116/$G$7 -> 0
B118: 1 | C118: 0 | D118: 0 | F118: 學生代表大會 | G118: 0 | H118: 0
C120: 0 | D120: 1 | F120: 一般立法計畫 | G120: 0 | H120: 0
C122: 0 | D122: 2 | F122: 選舉監察計畫 | G122: 0 | H122: 0
C124: 1 | D124: 0 | F124: 秘書處 | G124: =G126 -> 0 | H124: 0
D126: 2 | F126: 學代議事培力坊 | G126: 0 | H126: 0
C128: 9 | D128: 9 | F128: 預備金 | G128: 0 | H128: 0
A130: 3 | B130: 0 | C130: 0 | D130: 0 | F130: 司法部門 | G130: =G132 -> 0 | H130: =G130/$G$7 -> 0
B132: 1 | C132: 0 | D132: 0 | F132: 學生法院 | G132: =G134+G136 -> 0 | H132: 0
C134: 0 | D134: 1 | F134: 一般司法計畫 | G134: 0 | H134: 0
C136: 9 | D136: 9 | F136: 預備金 | G136: 0 | H136: 0

Sheet 表3-2｜期出預算附屬表
A1: 鐘點費
A2: 第37屆第二期間（113-2）
A3: 2025年03月04日至2025年07月31日
A4: 單位計畫別 | E4: 預算科目 | G4: 本期間 | H4: 本期間 | I4: 說明 | J4: 委員會意見｜大會審議結果
A5: 款 | B5: 項 | C5: 目 | D5: 節 | E5: 代碼 | F5: 名稱 | G5: 預算數 | H5: 百分比
F6: 合計 | G6: =G8+G333+G358 -> 1396063.7 | H6: 1
A8: 1 | B8: 0 | C8: 0 | D8: 0 | F8: 行政部門 | G8: =G10+G42+G54+G65+G73+G206+G217+G225+G257+G299 -> 1183895.1 | H8: =G8/$G$6 -> 0.84802371
B10: 1 | C10: 0 | D10: 0 | F10: 會長 | G10: =G11+G17+G20+G24+G29+G39+G33 -> 150568.42 | H10: =G10/$G$8 -> 0.12718054
C11: 0 | D11: 1 | F11: 一般行政計畫 | G11: =SUM(G12:G16) -> 80410 | H11: =G11/$G$10 -> 0.53404293
E12: A02 | F12: 工作費 | G12: 35910 | H12: =G12/$G$11 -> 0.44658625 | I12: (1)會長、兩位副會長工作費：每小時190元，以每週3小時計，共21週，共3名，總計35,910元。
E13: B01 | F13: 行政費 | G13: 15000 | H13: =G13/$G$11 -> 0.18654396 | I13: (1)會長、兩位副會長行政費，1000元/月*5個月*3人=15,000元。
E14: B02 | F14: 誤餐費 | G14: 28000 | H14: =G14/$G$11 -> 0.3482154 | I14: (1)幹部會議誤餐費，每位100元，共20位，共14次，總計28,000元
E15: B05 | F15: 印刷費 | G15: 1000 | H15: =G15/$G$11 -> 0.012436264 | I15: (1)臨時需印製各類文件、海報之費用。
E16: B99 | F16: 雜支 | G16: 500 | H16: =G16/$G$11 -> 0.0062181321 | I16: (1)臨時需製作美工、購買用具之費用。
C17: 0 | D17: 2 | F17: 2025春季招募計畫 | G17: =SUM(G18:G19) -> 3300 | H17: =G17/$G$10 -> 0.021916946
E18: B05 | F18: 印刷費 | G18: 500 | H18: =G18/$G$17 -> 0.15151515 | I18: (1)印製招生海報費用
E19: B06 | F19: 場地費 | G19: 2800 | H19: =G19/$G$17 -> 0.84848485 | I19: (1) 教室借用費：700/次，4次，共2,800元。
C20: 0 | D20: 3 | F20: 2025社團博覽會 | G20: =SUM(G21:G23) -> 7880 | H20: =G20/$G$10 -> 0.052335011
E21: A01 | F21: 臨時工資 | G21: 6080 | H21: =G21/$G$20 -> 0.7715736 | I21: (1) 攤位工作人員：190元/時，預計8人，4時/人，共6,080元。
E22: B02 | F22: 誤餐費 | G22: 800 | H22: =G22/$G$20 -> 0.10152284 | I22: (1) 攤位工作人員餐費，每人100，預計8人，總計800元
E23: B06 | F23: 場地費 | G23: 1000 | H23: =G23/$G$20 -> 0.12690355 | I23: (1)場地費，租借攤位(不用電)，1000/攤
C24: 0 | D24: 4 | F24: 學生會全會交流計畫 | G24: =SUM(G25:G28) -> 14100 | H24: =G24/$G$10 -> 0.093645134
E25: A04 | F25: 鐘點費 | G25: 6000 | H25: =G25/$G$24 -> 0.42553191 | I25: (1)講師費：部內幹部介紹自己部內事務，每人500元，預計12人，總計6,000元。
E26: B03 | F26: 茶點費 | G26: 4800 | H26: =G26/$G$24 -> 0.34042553 | I26: (1)茶點費：會內交流活動之茶點，每人80元預計60人，總計4,800元。
E27: B06 | F27: 場地費 | G27: 2800 | H27: =G27/$G$24 -> 0.19858156 | I27: (1) 沃思借用費：2,800/次，1次，共2,800元。
E28: B99 | F28: 雜支 | G28: 500 | H28: =G28/$G$24 -> 0.035460993 | I28: (1)交流所需文具費
C29: 0 | D29: 5 | F29: 全校師生座談會計畫 | G29: =SUM(G30:G32) -> 19050 | H29: =G29/$G$10 -> 0.12652055
E30: A02 | F30: 工作費 | G30: 2850 | H30: =G30/$G$29 -> 0.1496063 | I30: (1)事前籌辦及現場工作人員，每小時190元，以15小時計，共2,850元。
E31: B02 | F31: 餐費 | G31: 15000 | H31: =G31/$G$29 -> 0.78740157 | I31: (1)100元/人，共150人，總計15,000元。
E32: B05 | F32: 印刷費 | G32: 1200 | H32: =G32/$G$29 -> 0.062992126 | I32: (1)海報300元/張，共4張，1,200元。
C33: 0 | D33: 6 | F33: 職棒會長來台大－職棒如何走向榮景及新球季展望 | G33: =SUM(G34:G38) -> 18300 | H33: =G33/$G$10 -> 0.12153943
E34: A01 | F34: 臨時工資 | G34: 6080 | H34: =G34/$G$33 -> 0.33224044 | I34: 工作人數 8 人，以法定基本工資每小時190 元計，總共 4*8*190=6,080 元。
E35: A04 | G35: 4000 | H35: =G35/$G$33 -> 0.21857924 | I35: 邀請兩位講師，每位2000元，總共4,000元
E36: B02 | F36: 誤餐費 | G36: 240 | H36: =G36/$G$33 -> 0.013114754 | I36: 講師及其助理餐費，共3位，每位80元，總共240元
E37: B06 | F37: 場地費 | G37: 7500 | H37: =G37/$G$33 -> 0.40983607 | I37: 預計租借博雅教學館102教室，共一間，共 7,500*1=7,500 元。
E38: B99 | F38: 雜支 | G38: 480 | H38: =G38/$G$33 -> 0.026229508 | I38: 活動雜項支出，總共480元
C39: 9 | D39: 9 | F39: 預備金 | G39: =(G11+G17+G20+G24+G29+G33)/95*5 -> 7528.4211 | H39: =G39/$G$10 -> 0.05 | I39: 依預算法編列單位預算 5%。
B42: 2 | C42: 0 | D42: 0 | F42: 秘書處 | G42: =G43+G51 -> 52684.211 | H42: =G42/$G$8 -> 0.044500742
C43: 0 | D43: 1 | F43: 一般行政計畫 | G43: =SUM(G44:G50) -> 50050 | H43: =G43/$G$42 -> 0.95
E44: A02 | F44: 工作費 | G44: 10450 | H44: =G44/$G$43 -> 0.20879121 | I44: (1) 活動場地組：預計25小時(2) 空間財產組：預計25小時(3) 文書檔案組：預計5小時，190元/時，55小時，共10,450元。
E45: B01 | F45: 行政費 | G45: 5000 | H45: =G45/$G$43 -> 0.0999001 | I45: 依作業要點編列，本期間以5月計算，1000元 / 月。
E46: B04 | F46: 耗材費 | G46: 1000 | H46: =G46/$G$43 -> 0.01998002 | I46: (1)預計作為全會文具耗材購置使用
E47: B05 | F47: 印刷費 | G47: 100 | H47: =G47/$G$43 -> 0.001998002 | I47: (1)作為場地活動申請文件之印刷費
E48: B06 | F48: 場地費 | G48: 30000 | H48: =G48/$G$43 -> 0.5994006 | I48: (1)各部門借用之例會場地費
E49: B99 | F49: 雜支 | G49: 500 | H49: =G49/$G$43 -> 0.00999001 | I49: (1)依作業要點編列，每一計畫不超過500元。
E50: C01 | F50: 設備費 | G50: 3000 | H50: =G50/$G$43 -> 0.05994006 | I50: 例行性設備維修添購
C51: 9 | D51: 9 | F51: 預備金 | G51: =(G43)/0.95*0.05 -> 2634.2105 | H51: =G51/$G$42 -> 0.05 | I51: 依預算法編列單位預算 5%。
B54: 3 | C54: 0 | D54: 0 | F54: 財務部 | G54: =G55+G62 -> 22905 | H54: =G54/$G$8 -> 0.019347153
C55: 0 | D55: 1 | F55: 一般行政計畫 | G55: =G56+G59+G60+G61 -> 21760 | H55: =G55/$G$54 -> 0.95001091
E56: A02 | F56: 工作費 | G56: 15960 | H56: =G56/$G$55 -> 0.73345588 | I56: (1) 副部長1人處理核銷費用，每週約1小時，共21週，共190*21=3,990。
I57: (2) 副部長1人處理出納費用，每週約1小時，共21週，共190*21=3,990。
I58: (3) 部長處理預決算編造之費用，約42小時，共190*42=7980。 共 190*84=15960
E59: B01 | F59: 行政費 | G59: 5000 | H59: =G59/$G$55 -> 0.22977941 | I59: 依作業要點編列，本期間以5個月計算，1,000元 / 月，共1,000*5=5,000元。
E60: B14 | F60: 手續費 | G60: 300 | H60: =G60/$G$55 -> 0.013786765 | I60: (1) 金融往來之手續費，轉帳每次15元或30元，共300元。
E61: B99 | F61: 雜支 | G61: 500 | H61: =G61/$G$55 -> 0.022977941 | I61: (1)依作業要點編列，每一計畫不超過500元。
C62: 9 | D62: 9 | F62: 預備金 | G62: =ROUND(G55/95*5,0) -> 1145 | H62: =G62/$G$54 -> 0.049989085 | I62: 依預算法編列單位預算 5%。
B65: 4 | C65: 0 | D65: 0 | F65: 學權部 | G65: =G66+G70 -> 33789.474 | H65: =G65/$G$8 -> 0.028540935
C66: 0 | D66: 1 | F66: 一般行政計畫 | G66: =SUM(G67:G69) -> 32100 | H66: =G66/$G$65 -> 0.95
E67: A02 | F67: 工作費 | G67: 26600 | H67: =G67/$G$66 -> 0.82866044 | I67: 處理陳情案及辦理活動，共計140小時，190*140=26600
E68: B01 | F68: 行政費 | G68: 5000 | H68: =G68/$G$66 -> 0.15576324 | I68: 依作業要點編列，本期間以5個月計算，1,000元 / 月，共1,000*5=5,000元。
E69: B99 | F69: 雜支 | G69: 500 | H69: =G69/$G$66 -> 0.015576324 | I69: (1)依作業要點編列，每一計畫不超過500元。
C70: 9 | D70: 9 | F70: 預備金 | G70: =(G66)/0.95*0.05 -> 1689.4737 | H70: =G70/G65 -> 0.05
B73: 5 | C73: 0 | D73: 0 | F73: 學術部 | G73: =G75+G78+G106+G140+G172+G203 -> 217811 | H73: =G73/$G$8 -> 0.18397829
C75: 0 | D75: 1 | F75: 一般行政計畫 | G75: =G76 -> 10000 | H75: =G75/$G$73 -> 0.045911364
E76: B01 | F76: 行政費 | G76: 10000 | H76: =G76/$G$75 -> 1 | I76: 依作業要點編列，本期間以5個月計算，本部有3位正副部長（1位部長、2位副部長），每個月1,000+500*2元，共計10,000元。
C78: 1 | D78: 0 | F78: 性別平等工作坊 | G78: =G79+G81+G85+G94+G98 -> 70400 | H78: =G78/$G$73 -> 0.323216
D79: 1 | F79: 一般行政計畫 | G79: =SUM(G80) -> 5000 | H79: =G79/$G$78 -> 0.071022727
E80: B01 | F80: 行政費 | G80: 5000 | H80: =G80/$G$79 -> 1 | I80: 依作業要點編列，本期間以5個月計算，本單位有2位負責人，每個月500*2元，共計5,000元。
D81: 2 | F81: 生理用品交換站暨月經議題倡議計畫 | G81: =SUM(G82:G84) -> 5930 | H81: =G81/$G$78 -> 0.084232955
E82: A02 | F82: 工作費 | G82: 1330 | H82: =G82/$G$81 -> 0.22428331 | I82: 生理用品交換站維護費：初估第二期間執行此計劃所需投入時間至少為7小時，時薪190，共1,330元。
E83: A03 | F83: 稿費 | G83: 100 | H83: =G83/$G$81 -> 0.016863406 | I83: 製圖費：預計第二期間將進行至少1張的校園生理用品交換站站點維護資訊更新，每張圖100元，共計100元。
E84: B04 | F84: 耗材費 | G84: 4500 | H84: =G84/$G$81 -> 0.75885329 | I84: 生理用品購買：預計第二期間將購買至少100包衛生棉（每包有20片衛生棉，100包即2000片），每包45 元，共 4,500 元。
D85: 3 | F85: NTU LGTBQ+ Community | G85: =SUM(G86:G92) -> 21020 | H85: =G85/$G$78 -> 0.29857955
E86: A02 | F86: 工作費 | G86: 2850 | H86: =G86/$G$85 -> 0.13558516 | I86: (1)事前籌辦（主題發想、活動內容準備、表單設計）：初估第二期間執行此計劃所需投入時間至少為10小時，時薪190，共1,900元。
I87: (2)當天主持與紀錄：初估第二期間執行此計劃所需投入時間至少為5小時，時薪190，共950元。
E88: A03 | F88: 稿費 | G88: 2070 | H88: =G88/$G$85 -> 0.09847764 | I88: (1)活動側記暨活動回顧貼文：性工坊將派員紀錄活動討論情形，至少3篇，每篇文稿至少 800字，每字0.8元，共計1,920元。
I89: (2)製圖費：預計第二期間將進行至少3張的社群平台圖卡宣傳，每張圖50元，共計150元。
E90: B02 | F90: 餐費 | G90: 13500 | H90: =G90/$G$85 -> 0.64224548 | I90: 活動餐費：預計第二期間將舉行至少３次活動，每次需準備至少45份餐，每份100元，共計13,500元（活動皆舉辦於晚餐時段，而餐點預計購買烘焙坊茶點）。
E91: B06 | F91: 場地費 | G91: 2100 | H91: =G91/$G$85 -> 0.099904853 | I91: 租借費用：執行此計畫之場地租費為3次，每次四小時700元 ，共2,100 元。
E92: B99 | F92: 雜支 | G92: 500 | H92: =G92/$G$85 -> 0.02378687 | I92: (1)依作業要點編列，每一計畫不超過500元。專案執行期間其他支出，預計花費500元。
D94: 4 | F94: 性別樹洞 | G94: =SUM(G95:G96) -> 5350 | H94: =G94/$G$78 -> 0.075994318
E95: A02 | F95: 工作費 | G95: 1900 | H95: =G95/$G$94 -> 0.35514019 | I95: 表單設計與活動執行：初估第二期間執行此計劃所需投入時間至少為 10 小時，時薪 190，共 1,900 元。
E96: A03 | F96: 稿費 | G96: 3450 | H96: =G96/$G$94 -> 0.64485981 | I96: (1)投稿內容回覆及貼文文案撰寫：預計第一期間將發布至少 5 次的回覆貼文，每篇貼文至少 800 字，每字 0.8 元，共計 3,200 元。
I97: (2)製圖費：預計第二期間將進行至少 5 張的社群平台圖卡宣傳，每張圖 50 元，共計 250 元。
D98: 5 | F98: 節目製作【台大沒有愛 | G98: =SUM(G101:G104) -> 33100 | H98: =G98/$G$78 -> 0.47017045
F99: 那些大學戀情的坎坷與曲折
F100: ，以及當今的性別議題】
E101: A02 | F101: 工作費 | G101: 17100 | H101: =G101/$G$98 -> 0.51661631 | I101: (1)節目製作費：初估第二期間執行此計劃所需投入時間至少為每集4小時，共10集，時薪190，共7,600元。
I102: (2)後期製作費：初估第二期間執行此計劃所需投入時間至少為每集5小時，共10集，時薪190，共9,500元。
E103: A04 | F103: 鐘點費 | G103: 12000 | H103: =G103/$G$98 -> 0.36253776 | I103: 與談人鐘點費：參酌《講座鐘點費支給表》。預計執行此計畫將邀請至少10位與談人進行節目錄製，每位與談人1,200元，共12,000元。
E104: C01 | F104: 設備費 | G104: 4000 | H104: =G104/$G$98 -> 0.12084592 | I104: 錄音設備購置費：預計第二期間將購買至少2臺的社簡易型錄音麥克風，每臺2,000元，共計4,000元。
C106: 2 | D106: 0 | F106: 轉型正義小組 | G106: =G107+G109+G120+G129+G135 -> 30470 | H106: =G106/$G$73 -> 0.13989192
D107: 1 | F107: 一般行政計畫 | G107: =SUM(G108) -> 5000 | H107: =G107/$G$106 -> 0.16409583
E108: B01 | F108: 行政費 | G108: 5000 | H108: =G108/G107 -> 1 | I108: 依作業要點編列，本期間以5個月計算，本單位有2位負責人，每個月500*2元，共計5,000元。
D109: 2 | F109: 走讀活動【臺大記憶地圖： | G109: =SUM(G111:G119) -> 7910 | H109: =G109/$G$106 -> 0.25959961
F110: 民主與自由的歷史軌跡】
E111: A02 | F111: 工作費 | G111: 3610 | H111: =G111/$G$109 -> 0.45638432 | I111: (1)主視覺設計：初估第二期間執行此計劃所需投入時間至少為3小時，時薪190，共570元。
I112: (2)報名表單設計：初估第二期間執行此計劃所需投入時間至少為1小時，時薪190，共190元。
I113: (3)講義設計：初估第二期間執行此計劃所需投入時間至少為3小時，時薪190，共570元。
I114: (4)活動執行：初估第二期間執行此計劃所需投入時間至少為12小時，時薪190，共2,280元。
...

Sheet 可以砍的地方
A1: 1201 | B1: A02 | C1: 16800 | E1: 返鄉專車 | F1: 20-30萬
A2: 1301 | B2: B03 | C2: 3040 | E2: 校慶 | F2: 45000 | G2: 跟院學生會合辦
B3: B10 | C3: 300 | G3: 攤位 帳篷
A4: 1402 | C4: 6500
A5: 1432 | C5: 6800
A6: 1613 | C6: 15000
A7: 1633 | C7: 15000
C12: =SUM(C1:C11) -> 63440
