Workbook

Sheet 表1｜綜計表
A1: 國立臺灣大學學生會總預算案
A2: 綜計表
A3: 第38屆第一期間（114-1）
A4: 2025年9月22日至2026年3月14日 | I4: 單位：新台幣元
A5: 單位別 | F5: 本期間期入 | G5: 佔本期間期入 | H5: 本期間期出 | I5: 佔本期間期出
A6: 款 | B6: 項 | C6: 說明 | F6: 預算數 | G6: 百分比 | H6: 預算數 | I6: 百分比
C7: 合計 | F7: ='表2｜主要表'!G7 -> 2591697 | G7: =F7/F7 -> 1 | H7: =H9+H21+H24 -> 1843758.2 | I7: =H7/H7 -> 1
A9: 1 | B9: 0 | C9: 行政部門 | F9: ='表2｜主要表'!G9 -> 2591697 | G9: ='表2｜主要表'!H9 -> 1 | H9: ='表2｜主要表'!I9 -> 1565084.3 | I9: ='表2｜主要表'!J9 -> 0.84885551
B10: 1 | C10: 會長 | F10: ='表2｜主要表'!G11 -> 2095497 | G10: ='表2｜主要表'!H11 -> 0.80854243 | H10: ='表2｜主要表'!I11 -> 126421.05 | I10: ='表2｜主要表'!J11 -> 0.080775873
B11: 2 | C11: 秘書處 | F11: 0 | G11: ='表2｜主要表'!H17 -> 0 | H11: ='表2｜主要表'!I17 -> 84105.263 | I11: ='表2｜主要表'!J17 -> 0.053738487
B12: 3 | C12: 財務部 | F12: ='表2｜主要表'!G22 -> 0 | G12: ='表2｜主要表'!H22 -> 0 | H12: ='表2｜主要表'!I22 -> 24053 | I12: ='表2｜主要表'!J22 -> 0.015368501
B13: 4 | C13: 學權部 | F13: ='表2｜主要表'!G27 -> 220000 | G13: ='表2｜主要表'!H27 -> 0.084886466 | H13: ='表2｜主要表'!I27 -> 273054 | I13: ='表2｜主要表'!J27 -> 0.174466
B14: 5 | C14: 學術部 | F14: 0 | G14: ='表2｜主要表'!H33 -> 0 | H14: ='表2｜主要表'!I33 -> 160316 | I14: ='表2｜主要表'!J33 -> 0.10243282
B15: 6 | C15: 文化部 | F15: ='表2｜主要表'!G61 -> 160000 | G15: ='表2｜主要表'!H61 -> 0.061735612 | H15: ='表2｜主要表'!I61 -> 252806 | I15: ='表2｜主要表'!J61 -> 0.16152868
B16: 7 | C16: 公關部 | F16: ='表2｜主要表'!G70 -> 0 | G16: ='表2｜主要表'!H70 -> 0 | H16: ='表2｜主要表'!I70 -> 36316 | I16: ='表2｜主要表'!J70 -> 0.023203862
B17: 8 | C17: 選舉罷免執行委員會 | F17: ='表2｜主要表'!G76 -> 50000 | G17: ='表2｜主要表'!H76 -> 0.019292379 | H17: ='表2｜主要表'!I76 -> 409202 | I17: ='表2｜主要表'!J76 -> 0.26145684
B18: 9 | C18: 國際事務部 | F18: ='表2｜主要表'!G83 -> 66200 | G18: ='表2｜主要表'!H83 -> 0.025543109 | H18: ='表2｜主要表'!I83 -> 110474 | I18: ='表2｜主要表'!J83 -> 0.070586612
B19: A | C19: 資訊部 | F19: ='表2｜主要表'!G95 -> 0 | G19: ='表2｜主要表'!H95 -> 0 | H19: ='表2｜主要表'!I95 -> 88337 | I19: ='表2｜主要表'!J95 -> 0.056442327
A21: 2 | B21: 0 | C21: 立法部門 | F21: ='表2｜主要表'!G104 -> 0 | G21: ='表2｜主要表'!H104 -> 0 | H21: ='表2｜主要表'!I104 -> 184316 | I21: ='表2｜主要表'!J104 -> 0.099967555
B22: 1 | C22: 學生代表大會 | F22: ='表2｜主要表'!G105 -> 0 | G22: ='表2｜主要表'!H105 -> 0 | H22: ='表2｜主要表'!I105 -> 184316 | I22: ='表2｜主要表'!J105 -> 1
A24: 3 | B24: 0 | C24: 司法部門 | F24: ='表2｜主要表'!G112 -> 0 | G24: ='表2｜主要表'!H112 -> 0 | H24: ='表2｜主要表'!I112 -> 94357.895 | I24: ='表2｜主要表'!J112 -> 0.051176935
B25: 1 | C25: 學生法院 | F25: ='表2｜主要表'!G113 -> 0 | G25: ='表2｜主要表'!H113 -> 0 | H25: ='表2｜主要表'!I113 -> 94357.895 | I25: ='表2｜主要表'!J113 -> 1
A27: 款 | C27: 部門預算
A28: 項 | C28: 單位預算
A29: 目 | C29: 附屬單位預算
A30: 節 | C30: 計畫名稱

Sheet 表2｜主要表
A1: 國立臺灣大學學生會總預算案
A2: 主要表
A3: 第38屆第一期間（114-1）
A4: 2025年9月22日至2026年3月14日
A5: 單位計畫別 | E5: 預算科目 | G5: 本期期入 | I5: 本期期出 | K5: 各計畫會費支出情形
A6: 款 | B6: 項 | C6: 目 | D6: 節 | E6: 代碼 | F6: 名稱 | G6: 預算數 | I6: 預算數
F7: 合計 | G7: =G9+G104+G112 -> 2591697 | H7: =G7/G7 -> 1 | I7: ='表3-2｜期出預算附屬表'!G6 -> 1843758.2 | J7: =I7/I7 -> 1
A9: 1 | B9: 0 | C9: 0 | D9: 0 | F9: 行政部門 | G9: ='表3-1｜期入預算附屬表'!G9 -> 2591697 | H9: =G9/G7 -> 1 | I9: ='表3-2｜期出預算附屬表'!G8 -> 1565084.3 | J9: ='表3-2｜期出預算附屬表'!H8 -> 0.84885551
B11: 1 | C11: 0 | D11: 0 | F11: 會長 | G11: ='表3-1｜期入預算附屬表'!G11 -> 2095497 | H11: =G11/G9 -> 0.80854243 | I11: ='表3-2｜期出預算附屬表'!G10 -> 126421.05 | J11: ='表3-2｜期出預算附屬表'!H10 -> 0.080775873
C13: 0 | D13: 1 | F13: 一般行政計畫 | G13: ='表3-1｜期入預算附屬表'!G13 -> 2095497 | H13: =G13/G7 -> 0.80854243 | I13: ='表3-2｜期出預算附屬表'!G11 -> 104700 | J13: ='表3-2｜期出預算附屬表'!H11 -> 0.82818485
C14: 0 | D14: 2 | F14: Line官方帳號計畫 | G14: 0 | H14: 0 | I14: 15400 | J14: ='表3-2｜期出預算附屬表'!H20 -> 0.12181515 | K14: ="會費支出："&(I14-G14) -> 會費支出：15400
C15: 9 | D15: 9 | F15: 預備金 | G15: ='表3-1｜期入預算附屬表'!G18 -> 0 | H15: 0 | I15: ='表3-2｜期出預算附屬表'!G25 -> 6321.0526 | J15: ='表3-2｜期出預算附屬表'!H25 -> 0.05
B17: 2 | C17: 0 | D17: 0 | F17: 秘書處 | G17: 0 | H17: 0 | I17: ='表3-2｜期出預算附屬表'!G29 -> 84105.263 | J17: ='表3-2｜期出預算附屬表'!H29 -> 0.053738487
C19: 0 | D19: 1 | F19: 一般行政計畫 | G19: ='表3-1｜期入預算附屬表'!G22 -> 0 | H19: 0 | I19: ='表3-2｜期出預算附屬表'!G30 -> 79900 | J19: ='表3-2｜期出預算附屬表'!H30 -> 0.95
C20: 9 | D20: 9 | F20: 預備金 | G20: ='表3-1｜期入預算附屬表'!G23 -> 0 | H20: 0 | I20: ='表3-2｜期出預算附屬表'!G44 -> 4205.2632 | J20: ='表3-2｜期出預算附屬表'!H44 -> 0.05
B22: 3 | C22: 0 | D22: 0 | F22: 財務部 | G22: ='表3-1｜期入預算附屬表'!G25 -> 0 | H22: 0 | I22: ='表3-2｜期出預算附屬表'!G48 -> 24053 | J22: ='表3-2｜期出預算附屬表'!H48 -> 0.015368501
C24: 0 | D24: 1 | F24: 一般行政計畫 | G24: ='表3-1｜期入預算附屬表'!G27 -> 0 | H24: 0 | I24: ='表3-2｜期出預算附屬表'!G49 -> 22850 | J24: ='表3-2｜期出預算附屬表'!H49 -> 0.94998545
C25: 9 | D25: 9 | F25: 預備金 | G25: ='表3-1｜期入預算附屬表'!G28 -> 0 | H25: 0 | I25: ='表3-2｜期出預算附屬表'!G57 -> 1203 | J25: ='表3-2｜期出預算附屬表'!H57 -> 0.050014551
B27: 4 | C27: 0 | D27: 0 | F27: 學權部 | G27: ='表3-1｜期入預算附屬表'!G30 -> 220000 | H27: ='表3-1｜期入預算附屬表'!H30 -> 0.084886466 | I27: =SUM(I29:I31) -> 273054 | J27: ='表3-2｜期出預算附屬表'!H61 -> 0.174466
C29: 0 | D29: 1 | F29: 一般行政計畫 | G29: ='表3-1｜期入預算附屬表'!G32 -> 0 | H29: 0 | I29: ='表3-2｜期出預算附屬表'!G62 -> 22700 | J29: ='表3-2｜期出預算附屬表'!H62 -> 0.083133739
C30: 0 | D30: 2 | F30: 臺灣大學花蓮光復賑災補助計劃 | G30: ='表3-1｜期入預算附屬表'!G33 -> 220000 | H30: ='表3-1｜期入預算附屬表'!H33 -> 1 | I30: ='表3-2｜期出預算附屬表'!G66 -> 236701 | J30: ='表3-2｜期出預算附屬表'!H66 -> 0.86686516 | K30: ="會費支出："&(I30-G30) -> 會費支出：16701
C31: 9 | D31: 9 | F31: 預備金 | G31: ='表3-1｜期入預算附屬表'!G39 -> 0 | H31: 0 | I31: ='表3-2｜期出預算附屬表'!G70 -> 13653 | J31: ='表3-2｜期出預算附屬表'!H70 -> 0.050001099
B33: 5 | C33: 0 | D33: 0 | F33: 學術部 | G33: 0 | H33: 0 | I33: ='表3-2｜期出預算附屬表'!G74 -> 160316 | J33: ='表3-2｜期出預算附屬表'!H74 -> 0.10243282
C35: 0 | D35: 1 | F35: 一般行政計畫 | G35: ='表3-1｜期入預算附屬表'!G43 -> 0 | H35: 0 | I35: ='表3-2｜期出預算附屬表'!G75 -> 3000 | J35: ='表3-2｜期出預算附屬表'!H75 -> 0.018713042
C36: 1 | D36: 0 | F36: 性別平等工作坊 | G36: ='表3-1｜期入預算附屬表'!G45 -> 0 | H36: 0 | I36: ='表3-2｜期出預算附屬表'!G78 -> 52220 | J36: ='表3-2｜期出預算附屬表'!H78 -> 0.32573168
D37: 1 | F37: 一般行政計畫 | G37: 0 | H37: 0 | I37: ='表3-2｜期出預算附屬表'!G79 -> 3000 | J37: ='表3-2｜期出預算附屬表'!H79 -> 0.057449253
D38: 2 | F38: 生理用品交換站暨月經議題倡議計畫 | G38: 0 | H38: 0 | I38: ='表3-2｜期出預算附屬表'!G81 -> 5820 | J38: ='表3-2｜期出預算附屬表'!H81 -> 0.11145155 | K38: ="會費支出："&(I38-G38) -> 會費支出：5820
D39: 3 | F39: 性別樹洞 | G39: 0 | H39: 0 | I39: ='表3-2｜期出預算附屬表'!G85 -> 6700 | J39: ='表3-2｜期出預算附屬表'!H85 -> 0.12830333 | K39: ="會費支出："&(I39-G39) -> 會費支出：6700
D40: 4 | F40: 台大校內同志大遊行 | G40: 0 | H40: 0 | I40: ='表3-2｜期出預算附屬表'!G89 -> 16800 | J40: ='表3-2｜期出預算附屬表'!H89 -> 0.32171582 | K40: ="會費支出："&(I40-G40) -> 會費支出：16800
D41: 5 | F41: 專欄文章藉親密關係面向及女性主義視角 | G41: 0 | H41: 0 | I41: ='表3-2｜期出預算附屬表'!G100 -> 10000 | J41: ='表3-2｜期出預算附屬表'!H100 -> 0.19149751 | K41: ="會費支出："&(I41-G41) -> 會費支出：10000
D42: 6 | F42: 愛在校園蔓延時_性工坊午餐live podcast活動 | G42: 0 | H42: 0 | I42: ='表3-2｜期出預算附屬表'!G104 -> 9900 | J42: ='表3-2｜期出預算附屬表'!H104 -> 0.18958254 | K42: ="會費支出："&(I42-G42) -> 會費支出：9900
C44: 2 | D44: 0 | F44: 轉型正義組 | G44: ='表3-1｜期入預算附屬表'!G53 -> 0 | H44: 0 | I44: ='表3-2｜期出預算附屬表'!G112 -> 26780 | J44: ='表3-2｜期出預算附屬表'!H112 -> 0.16704509
D45: 1 | F45: 一般行政計畫 | G45: 0 | H45: 0 | I45: ='表3-2｜期出預算附屬表'!G113 -> 3000 | J45: ='表3-2｜期出預算附屬表'!H113 -> 0.1120239
D46: 2 | F46: 社群經營【轉型正義小組社群經營】 | G46: 0 | H46: 0 | I46: ='表3-2｜期出預算附屬表'!G115 -> 12380 | J46: ='表3-2｜期出預算附屬表'!H115 -> 0.46228529 | K46: ="會費支出："&(I46-G46) -> 會費支出：12380
D47: 3 | F47: 走讀活動【白恐電影賞析：人權奮鬥的記憶傳承】 | G47: 0 | H47: 0 | I47: ='表3-2｜期出預算附屬表'!G121 -> 11400 | J47: ='表3-2｜期出預算附屬表'!H121 -> 0.42569081 | K47: ="會費支出："&(I47-G47) -> 會費支出：11400
C49: 3 | D49: 0 | F49: 永續組 | G49: ='表3-1｜期入預算附屬表'!G57 -> 0 | H49: 0 | I49: ='表3-2｜期出預算附屬表'!G130 -> 29900 | J49: ='表3-2｜期出預算附屬表'!H130 -> 0.18650665
D50: 1 | F50: 一般行政計畫 | G50: 0 | H50: 0 | I50: ='表3-2｜期出預算附屬表'!G131 -> 3000 | J50: ='表3-2｜期出預算附屬表'!H131 -> 0.10033445
D51: 2 | F51: 從剩食減量到永續發展：校園綠色行動計畫 | G51: 0 | H51: 0 | I51: ='表3-2｜期出預算附屬表'!G133 -> 26900 | J51: ='表3-2｜期出預算附屬表'!H133 -> 0.89966555 | K51: ="會費支出："&(I51-G51) -> 會費支出：26900
C53: 4 | D53: 0 | F53: 本土語言小組 | G53: ='表3-1｜期入預算附屬表'!G62 -> 0 | H53: 0 | I53: ='表3-2｜期出預算附屬表'!G143 -> 40400 | J53: ='表3-2｜期出預算附屬表'!H143 -> 0.2520023
D54: 1 | F54: 一般行政計畫 | G54: 0 | H54: 0 | I54: ='表3-2｜期出預算附屬表'!G144 -> 3000 | J54: ='表3-2｜期出預算附屬表'!H144 -> 0.074257426
D55: 2 | F55: 講座 〈 台語新生代 台語新聞自媒體與吟詩冠軍經驗分享〉 | G55: 0 | H55: 0 | I55: ='表3-2｜期出預算附屬表'!G146 -> 5400 | J55: ='表3-2｜期出預算附屬表'!H146 -> 0.13366337 | K55: ="會費支出："&(I55-G55) -> 會費支出：5400
D56: 3 | F56: 台語文課程講座 | G56: 0 | H56: 0 | I56: ='表3-2｜期出預算附屬表'!G152 -> 6100 | J56: ='表3-2｜期出預算附屬表'!H152 -> 0.1509901 | K56: ="會費支出："&(I56-G56) -> 會費支出：6100
D57: 4 | F57: 社群經營【本土語言小組社群經營】 | G57: 0 | H57: 0 | I57: ='表3-2｜期出預算附屬表'!G157 -> 5600 | J57: ='表3-2｜期出預算附屬表'!H157 -> 0.13861386 | K57: ="會費支出："&(I57-G57) -> 會費支出：5600
D58: 5 | F58: 工作坊【GIS重製部落地名】 | G58: 0 | H58: 0 | I58: ='表3-2｜期出預算附屬表'!G161 -> 20300 | J58: ='表3-2｜期出預算附屬表'!H161 -> 0.50247525 | K58: ="會費支出："&(I58-G58) -> 會費支出：20300
C59: 9 | D59: 9 | F59: 預備金 | G59: 0 | H59: 0 | I59: ='表3-2｜期出預算附屬表'!G167 -> 8016 | J59: ='表3-2｜期出預算附屬表'!H167 -> 0.050001248
B61: 6 | C61: 0 | D61: 0 | F61: 文化部 | G61: ='表3-1｜期入預算附屬表'!G71 -> 160000 | H61: ='表3-1｜期入預算附屬表'!H71 -> 0.061735612 | I61: ='表3-2｜期出預算附屬表'!G171 -> 252806 | J61: ='表3-2｜期出預算附屬表'!H171 -> 0.16152868
C63: 0 | D63: 2 | F63: 114學年度臺大電影節工作團隊內部培力 | G63: 0 | H63: 0 | I63: ='表3-2｜期出預算附屬表'!G172 -> 3000 | J63: ='表3-2｜期出預算附屬表'!H172 -> 0.011866807 | K63: ="會費支出："&(I63-G63) -> 會費支出：3000
D64: 3 | F64: 114學年度臺大電影節系列活動—短片影展 | G64: ='表3-1｜期入預算附屬表'!G75 -> 160000 | H64: ='表3-1｜期入預算附屬表'!H75 -> 1 | I64: ='表3-2｜期出預算附屬表'!G175 -> 73958 | J64: ='表3-2｜期出預算附屬表'!H175 -> 0.29254844 | K64: ="會費支出："&(I64-G64) -> 會費支出：-86042
D65: 4 | F65: 114學年度臺大電影節系列活動—長片影展 | G65: 0 | H65: 0 | I65: ='表3-2｜期出預算附屬表'!G185 -> 116008 | J65: ='表3-2｜期出預算附屬表'!H185 -> 0.45888151 | K65: ="會費支出："&(I65-G65) -> 會費支出：116008
D66: 5 | F66: 2025 Fall Open House NTUs 計畫 | G66: 0 | H66: 0 | I66: ='表3-2｜期出預算附屬表'!G197 -> 47200 | J66: ='表3-2｜期出預算附屬表'!H197 -> 0.18670443 | K66: ="會費支出："&(I66-G66) -> 會費支出：47200
C68: 9 | D68: 9 | F68: 預備金 | G68: 0 | H68: 0 | I68: ='表3-2｜期出預算附屬表'!G207 -> 12640 | J68: ='表3-2｜期出預算附屬表'!H207 -> 0.049998813
B70: 7 | C70: 0 | D70: 0 | F70: 公關部 | G70: 0 | H70: 0 | I70: ='表3-2｜期出預算附屬表'!G211 -> 36316 | J70: ='表3-2｜期出預算附屬表'!H211 -> 0.023203862
C72: 0 | D72: 1 | F72: 一般行政計畫 | G72: 0 | H72: 0 | I72: ='表3-2｜期出預算附屬表'!G212 -> 21000 | J72: ='表3-2｜期出預算附屬表'!H212 -> 0.57825752
D73: 2 | F73: ='表3-2｜期出預算附屬表'!F216 -> 社群觸及關注提升作業 | G73: 0 | H73: 0 | I73: ='表3-2｜期出預算附屬表'!G216 -> 13500 | J73: ='表3-2｜期出預算附屬表'!H216 -> 0.37173698 | K73: ="會費支出："&(I73-G73) -> 會費支出：13500
C74: 9 | D74: 9 | F74: 預備金 | G74: 0 | H74: 0 | I74: ='表3-2｜期出預算附屬表'!G221 -> 1816 | J74: ='表3-2｜期出預算附屬表'!H221 -> 0.050005507
B76: 8 | C76: 0 | D76: 0 | F76: 選舉罷免執行委員會 | G76: ='表3-1｜期入預算附屬表'!G96 -> 50000 | H76: =G76/G7 -> 0.019292379 | I76: ='表3-2｜期出預算附屬表'!G225 -> 409202 | J76: ='表3-2｜期出預算附屬表'!H225 -> 0.26145684
C78: 0 | D78: 1 | F78: ='表3-2｜期出預算附屬表'!F226 -> 一般行政計畫 | G78: ='表3-1｜期入預算附屬表'!G97 -> 10000 | H78: ='表3-1｜期入預算附屬表'!H97 -> 0.2 | I78: ='表3-2｜期出預算附屬表'!G226 -> 44900 | J78: ='表3-2｜期出預算附屬表'!H226 -> 0.10972576
D79: 2 | F79: ='表3-2｜期出預算附屬表'!F241 -> 選務行政計畫 | G79: ='表3-1｜期入預算附屬表'!G99 -> 40000 | H79: ='表3-1｜期入預算附屬表'!H99 -> 0.8 | I79: ='表3-2｜期出預算附屬表'!G241 -> 315842 | J79: ='表3-2｜期出預算附屬表'!H241 -> 0.77184862
D80: 3 | F80: ='表3-2｜期出預算附屬表'!F262 -> 選舉身份查驗電子化計畫 | G80: 0 | H80: 0 | I80: ='表3-2｜期出預算附屬表'!G262 -> 28000 | J80: ='表3-2｜期出預算附屬表'!H262 -> 0.068425863 | K80: ="會費支出："&(I80-G80) -> 會費支出：28000
C81: 9 | D81: 9 | F81: 預備金 | G81: 0 | H81: 0 | I81: ='表3-2｜期出預算附屬表'!G265 -> 20460 | J81: ='表3-2｜期出預算附屬表'!H265 -> 0.049999756
B83: 9 | C83: 0 | D83: 0 | F83: 國際事務部 | G83: ='表3-1｜期入預算附屬表'!G104 -> 66200 | H83: ='表3-1｜期入預算附屬表'!H104 -> 0.025543109 | I83: ='表3-2｜期出預算附屬表'!G269 -> 110474 | J83: ='表3-2｜期出預算附屬表'!H269 -> 0.070586612
C85: 0 | D85: 1 | F85: ='表3-2｜期出預算附屬表'!F270 -> 一般行政計畫 | G85: ='表3-1｜期入預算附屬表'!G105 -> 0 | H85: ='表3-1｜期入預算附屬表'!H105 -> 0 | I85: ='表3-2｜期出預算附屬表'!G270 -> 38750 | J85: ='表3-2｜期出預算附屬表'!H270 -> 0.35076127
C86: 1 | D86: 0 | F86: 權益組 | G86: ='表3-1｜期入預算附屬表'!G107 -> 36900 | H86: ='表3-1｜期入預算附屬表'!H107 -> 0.55740181 | I86: ='表3-2｜期出預算附屬表'!G274 -> 36900 | J86: ='表3-2｜期出預算附屬表'!H274 -> 0.33401524
D87: 1 | F87: Foreign Student Conference | G87: ='表3-1｜期入預算附屬表'!G108 -> 29200 | H87: ='表3-1｜期入預算附屬表'!H108 -> 0.79132791 | I87: ='表3-2｜期出預算附屬表'!G275 -> 29200 | J87: ='表3-2｜期出預算附屬表'!H275 -> 0.79132791
D88: 2 | F88: NTUSADIA X Foreign Student Association Gathering | G88: ='表3-1｜期入預算附屬表'!G109 -> 7700 | H88: ='表3-1｜期入預算附屬表'!H109 -> 0.20867209 | I88: ='表3-2｜期出預算附屬表'!G282 -> 7700 | J88: ='表3-2｜期出預算附屬表'!H282 -> 0.20867209
C89: 2 | D89: 0 | F89: 活動組 | G89: ='表3-1｜期入預算附屬表'!G111 -> 29300 | H89: ='表3-1｜期入預算附屬表'!H111 -> 0.44259819 | I89: ='表3-2｜期出預算附屬表'!G288 -> 29300 | J89: ='表3-2｜期出預算附屬表'!H288 -> 0.26522078
D90: 1 | F90: Make & Taste | G90: ='表3-1｜期入預算附屬表'!G112 -> 7300 | H90: ='表3-1｜期入預算附屬表'!H112 -> 0.24914676 | I90: ='表3-2｜期出預算附屬表'!G289 -> 7300 | J90: ='表3-2｜期出預算附屬表'!H289 -> 0.24914676
D91: 2 | F91: NTUSADIA X FFH Game Night | G91: ='表3-1｜期入預算附屬表'!G113 -> 8800 | H91: ='表3-1｜期入預算附屬表'!H113 -> 0.3003413 | I91: ='表3-2｜期出預算附屬表'!G296 -> 8800 | J91: ='表3-2｜期出預算附屬表'!H296 -> 0.3003413
D92: 3 | F92: Make & Gather | G92: ='表3-1｜期入預算附屬表'!G114 -> 13200 | H92: ='表3-1｜期入預算附屬表'!H114 -> 0.45051195 | I92: ='表3-2｜期出預算附屬表'!G304 -> 13200 | J92: ='表3-2｜期出預算附屬表'!H304 -> 0.45051195
C93: 9 | D93: 9 | F93: 預備金 | G93: ='表3-1｜期入預算附屬表'!G115 -> 0 | H93: ='表3-1｜期入預算附屬表'!H115 -> 0 | I93: ='表3-2｜期出預算附屬表'!G317 -> 5524 | J93: ='表3-2｜期出預算附屬表'!H317 -> 0.050002716
B95: A | C95: 0 | D95: 0 | F95: 資訊部 | G95: ='表3-1｜期入預算附屬表'!G118 -> 0 | H95: 0 | I95: ='表3-2｜期出預算附屬表'!G321 -> 88337 | J95: ='表3-2｜期出預算附屬表'!H321 -> 0.056442327
C97: 0 | D97: 1 | F97: 一般行政計畫 | G97: 0 | H97: 0 | I97: ='表3-2｜期出預算附屬表'!G322 -> 52200 | J97: ='表3-2｜期出預算附屬表'!H322 -> 0.59091887
C98: 0 | D98: 2 | F98: 全校網際網路服務體驗改善專案計畫 | G98: 0 | H98: 0 | I98: ='表3-2｜期出預算附屬表'!G324 -> 5200 | J98: ='表3-2｜期出預算附屬表'!H324 -> 0.058865481 | K98: ="會費支出："&(I98-G98) -> 會費支出：5200
D99: 3 | F99: ='表3-2｜期出預算附屬表'!F328 -> 校內新資訊系統開發流程規範追蹤計畫 | G99: ='表3-1｜期入預算附屬表'!G122 -> 0 | H99: ='表3-1｜期入預算附屬表'!H122 -> 0 | I99: ='表3-2｜期出預算附屬表'!G328 -> 4800 | J99: ='表3-2｜期出預算附屬表'!H328 -> 0.054337367 | K99: ="會費支出："&(I99-G99) -> 會費支出：4800
D100: 4 | F100: ='表3-2｜期出預算附屬表'!F332 -> 校內資訊安全與隱私權議題探討及改善倡議計畫 | G100: ='表3-1｜期入預算附屬表'!G123 -> 0 | H100: ='表3-1｜期入預算附屬表'!H123 -> 0 | I100: ='表3-2｜期出預算附屬表'!G332 -> 6400 | J100: ='表3-2｜期出預算附屬表'!H332 -> 0.072449823 | K100: ="會費支出："&(I100-G100) -> 會費支出：6400
D101: 5 | F101: ='表3-2｜期出預算附屬表'!F336 -> 陳情案件處理及資訊相關突發事件追蹤 | G101: ='表3-1｜期入預算附屬表'!G124 -> 0 | H101: ='表3-1｜期入預算附屬表'!H124 -> 0 | I101: ='表3-2｜期出預算附屬表'!G336 -> 15320 | J101: ='表3-2｜期出預算附屬表'!H336 -> 0.17342676 | K101: ="會費支出："&(I101-G101) -> 會費支出：15320
C102: 9 | D102: 9 | F102: 預備金 | G102: 0 | H102: 0 | I102: ='表3-2｜期出預算附屬表'!G343 -> 4417 | J102: ='表3-2｜期出預算附屬表'!H343 -> 0.050001698
A104: 2 | B104: 0 | C104: 0 | D104: 0 | F104: 立法部門 | G104: ='表3-1｜期入預算附屬表'!G127 -> 0 | H104: 0 | I104: ='表3-2｜期出預算附屬表'!G347 -> 184316 | J104: ='表3-2｜期出預算附屬表'!H347 -> 0.099967555
B105: 1 | C105: 0 | D105: 0 | F105: 學生代表大會 | G105: ='表3-1｜期入預算附屬表'!G129 -> 0 | H105: 0 | I105: ='表3-2｜期出預算附屬表'!G348 -> 184316 | J105: ='表3-2｜期出預算附屬表'!H348 -> 1
C106: 0 | D106: 1 | F106: 一般立法計畫 | G106: 0 | H106: 0 | I106: ='表3-2｜期出預算附屬表'!G349 -> 119840 | J106: ='表3-2｜期出預算附屬表'!H349 -> 0.65018772
C107: 0 | D107: 2 | F107: 成大學生會赴臺大交流計畫 | G107: 0 | H107: 0 | I107: ='表3-2｜期出預算附屬表'!G368 -> 14100 | J107: ='表3-2｜期出預算附屬表'!H368 -> 0.076499056 | K107: ="會費支出："&(I107-G107) -> 會費支出：14100
C108: 0 | D108: 3 | F108: 議事資料整理暨系統維護計畫 | G108: 0 | H108: 0 | I108: ='表3-2｜期出預算附屬表'!G377 -> 21860 | J108: ='表3-2｜期出預算附屬表'!H377 -> 0.11860066 | K108: ="會費支出："&(I108-G108) -> 會費支出：21860
D109: 4 | F109: 校園民主論壇 | G109: 0 | H109: 0 | I109: ='表3-2｜期出預算附屬表'!G384 -> 19300 | J109: ='表3-2｜期出預算附屬表'!H384 -> 0.10471147
C110: 9 | D110: 9 | F110: 預備金 | G110: ='表3-1｜期入預算附屬表'!G139 -> 0 | H110: 0 | I110: ='表3-2｜期出預算附屬表'!G391 -> 9216 | J110: ='表3-2｜期出預算附屬表'!H391 -> 0.050001085
A112: 3 | B112: 0 | C112: 0 | D112: 0 | F112: 司法部門 | G112: ='表3-1｜期入預算附屬表'!G141 -> 0 | H112: ='表3-1｜期入預算附屬表'!H141 -> 0 | I112: ='表3-2｜期出預算附屬表'!G395 -> 94357.895 | J112: ='表3-2｜期出預算附屬表'!H395 -> 0.051176935
B113: 1 | C113: 0 | D113: 0 | F113: 學生法院 | G113: ='表3-1｜期入預算附屬表'!G143 -> 0 | H113: ='表3-1｜期入預算附屬表'!H143 -> 0 | I113: ='表3-2｜期出預算附屬表'!G396 -> 94357.895 | J113: ='表3-2｜期出預算附屬表'!H396 -> 1
C114: 0 | D114: 1 | F114: 一般司法計畫 | G114: ='表3-1｜期入預算附屬表'!G145 -> 0 | H114: ='表3-1｜期入預算附屬表'!H145 -> 0 | I114: ='表3-2｜期出預算附屬表'!G397 -> 89640 | J114: ='表3-2｜期出預算附屬表'!H397 -> 0.95
C115: 9 | D115: 9 | F115: 預備金 | G115: ='表3-1｜期入預算附屬表'!G147 -> 0 | H115: ='表3-1｜期入預算附屬表'!H147 -> 0 | I115: ='表3-2｜期出預算附屬表'!G412 -> 4717.8947 | J115: ='表3-2｜期出預算附屬表'!H412 -> 0.05

Sheet 表3-1｜期入預算附屬表
A1: 國立臺灣大學學生會總預算案
A2: 期入預算附屬表
A3: 第38屆第一期間（114-1）
A4: 2025年9月22日至2026年3月14日 | I4: 單位：新台幣元
A5: 單位計畫別 | E5: 預算科目 | G5: 本期間 | H5: 本期間 | I5: 說明 | J5: 委員會意見｜大會審議結果
A6: 款 | B6: 項 | C6: 目 | D6: 節 | E6: 代碼 | F6: 名稱 | G6: 預算數 | H6: 百分比
F7: 合計 | G7: =G9+G127+G141 -> 2591697 | H7: 1
A9: 1 | B9: 0 | C9: 0 | D9: 0 | F9: 行政部門 | G9: =G11+G20+G25+G30+G41+G71+G89+G96+G104+G118 -> 2591697 | H9: =G9/$G$7 -> 1
B11: 1 | C11: 0 | D11: 0 | F11: 會長 | G11: =G13+G18 -> 2095497 | H11: =G11/$G$9 -> 0.80854243
C13: 0 | D13: 1 | F13: 一般行政計畫 | G13: =SUM(G14:G16) -> 2095497 | H13: =G13/$G$11 -> 1
E14: Z01 | F14: 會費收入 | G14: 1217715 | H14: =G14/$G$13 -> 0.58111035 | I14: 依目前中信帳戶撥款數字列數。
E15: Z04 | F15: 公關贊助收入 | G15: 0 | H15: =G15/$G$13 -> 0
E16: Z99 | F16: 前期轉入 | G16: 877782 | H16: =G16/$G$13 -> 0.41888965 | I16: 依中信、郵局截至9/22帳列數
C18: 9 | D18: 9 | F18: 預備金 | G18: 0 | H18: =G18/$G$11 -> 0
B20: 2 | C20: 0 | D20: 0 | F20: 秘書處 | G20: 0 | H20: =G20/$G$9 -> 0
C22: 0 | D22: 1 | F22: 一般行政計畫 | G22: 0 | H22: 0
C23: 9 | D23: 9 | F23: 預備金 | G23: 0 | H23: 0
B25: 3 | C25: 0 | D25: 0 | F25: 財務部 | G25: 0 | H25: =G25/$G$9 -> 0
C27: 0 | D27: 1 | F27: 一般行政計畫 | G27: 0 | H27: 0
C28: 9 | D28: 9 | F28: 預備金 | G28: 0 | H28: 0
B30: 4 | C30: 0 | D30: 0 | F30: 學權部 | G30: =G33 -> 220000 | H30: =G30/$G$9 -> 0.084886466
C32: 0 | D32: 1 | F32: 一般行政計畫 | G32: 0 | H32: 0
C33: 0 | D33: 2 | F33: 臺灣大學花蓮光復賑災補助計劃 | G33: =SUM(G34:G37) -> 220000 | H33: 1
E34: Z05 | F34: 贊助— 校方 | G34: 100000 | H34: =G34/$G$33 -> 0.45454545 | I34: 待審核
E35: Z05 | F35: 贊助— 領導學程 呂芳銘老師 | G35: 100000 | H35: =G35/$G$33 -> 0.45454545 | I35: 待審核
E36: Z05 | F36: 贊助— 陳志榮先生 | G36: 5000 | H36: =G36/$G$33 -> 0.022727273
E37: Z05 | F37: 贊助— 扶輪青年社 | G37: 15000 | H37: =G37/$G$33 -> 0.068181818
C39: 9 | D39: 9 | F39: 預備金 | G39: 0 | H39: 0
B41: 5 | C41: 0 | D41: 0 | F41: 學術部 | G41: 0 | H41: =G41/$G$9 -> 0
C43: 0 | D43: 1 | F43: 一般行政計畫 | G43: 0 | H43: 0
C45: 1 | D45: 0 | F45: 性別平等工作坊 | G45: 0 | H45: 0
D46: 1 | F46: 一般行政計畫 | G46: 0 | H46: 0
D47: 2 | F47: 生理用品交換站暨月經議題倡議計畫 | G47: 0 | H47: 0
D48: 3 | F48: 性別樹洞 | G48: 0 | H48: 0
D49: 4 | F49: 台大校內同志大遊行 | G49: 0 | H49: 0
D50: 5 | F50: 專欄文章藉親密關係面向及女性主義視角 | G50: 0 | H50: 0
D51: 6 | F51: 愛在校園蔓延時_性工坊午餐live podcast活動 | G51: 0 | H51: 0
C53: 2 | D53: 0 | F53: 轉型正義組 | G53: 0 | H53: 0
D54: 1 | F54: 一般行政計畫 | G54: 0 | H54: 0
D55: 2 | F55: 社群經營【轉型正義小組社群經營】 | G55: 0 | H55: 0
C57: 3 | D57: 0 | F57: 永續組 | G57: 0 | H57: 0
D58: 1 | F58: 一般行政計畫 | G58: 0 | H58: 0
D59: 2 | F59: 從剩食減量到永續發展：校園綠色行動計畫 | G59: 0 | H59: 0
D60: 3 | F60: 走讀活動【白恐電影賞析：人權奮鬥的記憶傳承】 | G60: 0 | H60: 0
C62: 4 | D62: 0 | F62: 本土語言小組 | G62: 0 | H62: 0
D63: 1 | F63: 一般行政計畫 | G63: 0 | H63: 0
D64: 2 | F64: 講座 〈 台語新生代 台語新聞自媒體與吟詩冠軍經驗分享〉 | G64: 0 | H64: 0
D65: 3 | F65: 台語文課程講座 | G65: 0 | H65: 0
D66: 4 | F66: 社群經營【本土語言小組社群經營】 | G66: 0 | H66: 0
D67: 5 | F67: 工作坊【GIS重製部落地名】 | G67: 0 | H67: 0
C69: 9 | D69: 9 | F69: 預備金 | G69: 0 | H69: 0
B71: 6 | C71: 0 | D71: 0 | F71: 文化部 | G71: 160000 | H71: =G71/$G$9 -> 0.061735612
C74: 0 | D74: 2 | F74: 114學年度臺大電影節工作團隊內部培力 | G74: 0 | H74: 0
C75: 0 | D75: 3 | F75: 114學年度臺大電影節系列活動—短片影展 | G75: 160000 | H75: 1
E76: Z52 | F76: 學校專案補助 | G76: 160000 | H76: 1 | I76: (1)國立臺灣大學第一學生活動中心
I77: 餐廳藝文回饋金（114年度下半年與
I78: 115年度上半年各四萬，總計八萬）
I79: (2)國立臺灣大學學務處課外活動指
I80: 導組：臺大電影節專案補助（114
I81: 年度下半年與115年度上半年各四
I82: 萬，總計八萬）
D83: 4 | F83: 114學年度臺大電影節系列活動—長片影展 | G83: 0 | H83: 0
D84: 5 | F84: 2025 Fall Open House NTUs 計畫 | G84: 0 | H84: 0
C87: 9 | D87: 9 | F87: 預備金 | G87: 0 | H87: 0
B89: 7 | C89: 0 | D89: 0 | F89: 公關部 | G89: 0 | H89: =G89/$G$9 -> 0
C91: 0 | D91: 1 | F91: 一般行政計畫 | G91: 0 | H91: 0
D92: 2 | F92: 社群觸及關注提升作業 | G92: 0 | H92: 0
D93: 3 | F93: Line官方帳號計畫 | G93: 0 | H93: 0
C94: 9 | D94: 9 | F94: 預備金 | G94: 0 | H94: 0
B96: 8 | C96: 0 | D96: 0 | F96: 選舉罷免執行委員會 | G96: =G97+G99 -> 50000 | H96: =G96/$G$9 -> 0.019292379
C97: 0 | D97: 1 | F97: 一般行政計畫 | G97: 10000 | H97: =G97/G96 -> 0.2
E98: Z52 | F98: 學校專案補助 | G98: 10000 | H98: 1 | I98: (1) 學務處課外組選務常態補助。
C99: 0 | D99: 2 | F99: 選務行政計畫 | G99: 40000 | H99: =G99/G96 -> 0.8
E100: Z52 | F100: 學校專案補助 | G100: 40000 | H100: 1 | I100: (1) 學務處課外組選務常態補助。
C101: 0 | D101: 3 | F101: 選舉身份查驗電子化計畫
C102: 9 | D102: 9 | F102: ='表3-2｜期出預算附屬表'!F265 -> 預備金 | G102: 0 | H102: 0
B104: 9 | C104: 0 | D104: 0 | F104: 國際事務部 | G104: =SUM(G107,G111) -> 66200 | H104: =G104/$G$9 -> 0.025543109
C105: 0 | D105: 1 | F105: 一般行政計畫 | G105: 0 | H105: 0
C107: 1 | D107: 0 | F107: 權益組 | G107: ='表3-2｜期出預算附屬表'!G274 -> 36900 | H107: =G107/G104 -> 0.55740181
D108: 1 | F108: Foreign Student Conference | G108: 29200 | H108: ='表3-2｜期出預算附屬表'!H275 -> 0.79132791 | I108: 待審核
D109: 2 | F109: ='表3-2｜期出預算附屬表'!F282 -> NTUSADIA X Foreign Student Association Gathering | G109: 7700 | H109: =G109/G107 -> 0.20867209 | I109: 待審核
C111: 2 | D111: 0 | F111: 活動組 | G111: =SUM(G112:G114) -> 29300 | H111: =G111/G104 -> 0.44259819
D112: 1 | F112: Make & Taste | G112: 7300 | H112: =G112/G111 -> 0.24914676 | I112: 待審核
D113: 2 | F113: NTUSADIA X FFH Game Night | G113: ='表3-2｜期出預算附屬表'!G296 -> 8800 | H113: =G113/G111 -> 0.3003413 | I113: 待審核
D114: 3 | F114: ='表3-2｜期出預算附屬表'!F304 -> Make & Gather | G114: ='表3-2｜期出預算附屬表'!G304 -> 13200 | H114: =G114/G111 -> 0.45051195 | I114: 待審核
C115: 9 | D115: 9 | F115: 預備金 | G115: 0 | H115: 0
B118: A | C118: 0 | D118: 0 | F118: 資訊部 | G118: 0 | H118: =G118/$G$9 -> 0
C120: 0 | D120: 1 | F120: 一般行政計畫 | G120: 0 | H120: 0
D121: 2 | F121: 全校網際網路服務體驗改善專案 | G121: 0 | H121: 0
D122: 3 | F122: ='表3-2｜期出預算附屬表'!F328 -> 校內新資訊系統開發流程規範追蹤計畫 | G122: 0 | H122: 0
D123: 4 | F123: ='表3-2｜期出預算附屬表'!F332 -> 校內資訊安全與隱私權議題探討及改善倡議計畫 | G123: 0 | H123: 0
D124: 5 | F124: ='表3-2｜期出預算附屬表'!F336 -> 陳情案件處理及資訊相關突發事件追蹤 | G124: 0 | H124: 0
C125: 9 | D125: 9 | F125: 預備金 | G125: 0 | H125: 0
A127: 2 | B127: 0 | C127: 0 | D127: 0 | F127: 立法部門 | G127: 0 | H127: =G127/$G$7 -> 0
B129: 1 | C129: 0 | D129: 0 | F129: 學生代表大會 | G129: 0 | H129: 0
C131: 0 | D131: 1 | F131: 一般立法計畫 | G131: 0 | H131: 0
C133: 0 | D133: 2 | F133: 友校學生自治機關交流計劃 | G133: 0 | H133: 0
C135: 0 | D135: 3 | F135: 議事資料整理暨系統維護計畫 | G135: 0 | H135: 0
C137: 0 | D137: 4 | F137: 校園民主論壇 | G137: 0 | H137: 0
C139: 9 | D139: 9 | F139: 預備金 | G139: 0 | H139: 0
...

Sheet 表3-2｜期出預算附屬表
A1: 國立臺灣大學學生會總預算案
A2: 期出預算附屬表
A3: 第38屆第一期間（114-1）
A4: 單位計畫別 | E4: 預算科目 | G4: 本期間 | H4: 本期間 | I4: 說明 | J4: 委員會意見｜大會審議結果
A5: 款 | B5: 項 | C5: 目 | D5: 節 | E5: 代碼 | F5: 名稱 | G5: 預算數 | H5: 百分比
F6: 合計 | G6: =G8+G347+G395 -> 1843758.2 | H6: 1
A8: 1 | B8: 0 | C8: 0 | D8: 0 | F8: 行政部門 | G8: =G10+G29+G48+G61+G74+G171+G211+G225+G269+G321 -> 1565084.3 | H8: =G8/$G$6 -> 0.84885551
B10: 1 | C10: 0 | D10: 0 | F10: 會長 | G10: =G11+G25+G20 -> 126421.05 | H10: =G10/$G$8 -> 0.080775873
C11: 0 | D11: 1 | F11: 一般行政計畫 | G11: =SUM(G12:G18) -> 104700 | H11: =G11/$G$10 -> 0.82818485
E12: A02 | F12: 工作費 | G12: 55200 | H12: =G12/$G$11 -> 0.52722063 | I12: 副會長工作費：每小時 200 元，以每週 3小時計，共 23 週，共 2 名。共計200*3*23*2=27,600元。
I13: 會長秘書工作費：每小時 200 元，以每週 3 小時計，共 23 週，共 2 名。共計200*3*23*2=27,600元。
E14: B01 | F14: 行政費 | G14: 18000 | H14: =G14/$G$11 -> 0.17191977 | I14: 依作業要點編列，會長、兩位副會長行政費，本期間以6個月計算，1,000元 / 月。共計1,000*6*3=18,000元
E15: B05 | F15: 印刷費 | G15: 1000 | H15: =G15/$G$11 -> 0.0095510984 | I15: 臨時需印製各類文件、海報之費用。
E16: B20 | F16: 委辦費 | G16: 15000 | H16: =G16/$G$11 -> 0.14326648 | I16: 承接 37-3 活大 237 會辦垃圾清運效益有所成果，本會期預計進一步請打掃公司清掃活大 237 空間將此空間之討論功能效益進一步擴展，同時為對應解決牆壁粉刷剝落之情形進行相關牆壁粉刷之維護任務。此外，也針對大一女地下室之學生會空間，一併進行垃圾清運與空間清掃之任務。
E17: B99 | F17: 雜支 | G17: 500 | H17: =G17/$G$11 -> 0.0047755492 | I17: 依作業要點編列，每一計畫不超過500元。
E18: C01 | F18: 設備費 | G18: 15000 | H18: =G18/$G$11 -> 0.14326648 | I18: (1) 擬添購會辦投影機，共10,000元。
I19: (2) 擬添購會辦水冷氣，共5,000元。
C20: 0 | D20: 2 | F20: Line官方帳號計畫 | G20: =SUM(G21:G23) -> 15400 | H20: =G20/G10 -> 0.12181515
E21: A02 | F21: 工作費 | G21: 9600 | H21: =G21/G20 -> 0.62337662 | I21: 帳號經營費用：每小時工資200元，每月工時8小時，共6個月。共計200*8*6=9,600元。
E22: B08 | F22: 廣告費 | G22: 1000 | H22: =G22/G20 -> 0.064935065 | I22: 線下宣傳：海報與立板印製，共4張，估計1,000元。
E23: B12 | F23: 資訊服務使用費 | G23: 4800 | H23: =G23/G20 -> 0.31168831 | I23: Line官方帳號月費：使用中用量服務，估計4,800元
C25: 9 | D25: 9 | F25: 預備金 | G25: =(G11+G20)/95*5 -> 6321.0526 | H25: =G25/G10 -> 0.05 | I25: 依預算法編列單位預算 5%。
B29: 2 | C29: 0 | D29: 0 | F29: 秘書處 | G29: =G30+G44 -> 84105.263 | H29: =G29/$G$8 -> 0.053738487
C30: 0 | D30: 1 | F30: 一般行政計畫 | G30: =SUM(G31:G43) -> 79900 | H30: =G30/$G$29 -> 0.95
E31: A02 | F31: 工作費 | G31: 20000 | H31: =G31/$G$30 -> 0.25031289 | I31: (1) 活動場地組：預計60小時
I32: (2) 空間財產組：預計30小時
I33: (3) 文書檔案組：預計10小時
I34: 每小時200元，共100小時，共計200*100=20,000元。
E35: B01 | F35: 行政費 | G35: 3000 | H35: =G35/$G$30 -> 0.037546934 | I35: 依作業要點編列，本期間以6個月計算，500元 / 月。共計500*6=3,000元
E36: B04 | F36: 耗材費 | G36: 3000 | H36: =G36/$G$30 -> 0.037546934 | I36: 預計作為全會耗材購置使用
E37: B05 | F37: 印刷費 | G37: 300 | H37: =G37/$G$30 -> 0.0037546934 | I37: 作為場地活動申請文件之印刷費
E38: B06 | F38: 場地費 | G38: 30000 | H38: =G38/$G$30 -> 0.37546934 | I38: 各部門例會之場地費，本會期擬開例會之部門為資訊部、國際部、學術部轉型正義小組、學術部性別平等工作坊、學術部本土語言小組、文化部台大電影節
E39: B14 | F39: 手續費 | G39: 100 | H39: =G39/$G$30 -> 0.0012515645 | I39: 匯款給承包廠商之手續費用
E40: B15 | F40: 設備租借費 | G40: 8000 | H40: =G40/$G$30 -> 0.10012516 | I40: 租用設備臨時使用之費用
E41: B99 | F41: 雜支 | G41: 500 | H41: =G41/$G$30 -> 0.0062578223 | I41: 依作業要點編列，每一計畫不超過 500 元。
E42: C01 | F42: 設備費 | G42: 10000 | H42: =G42/$G$30 -> 0.12515645 | I42: 設備維修添購，老舊物品汰換
E43: C02 | F43: 修繕費 | G43: 5000 | H43: =G43/$G$30 -> 0.062578223 | I43: 擬維修會辦內MA-708擴音器
C44: 9 | D44: 9 | F44: 預備金 | G44: =(G30)/95*5 -> 4205.2632 | H44: =G44/$G$29 -> 0.05 | I44: 依預算法編列單位預算 5%。
B48: 3 | C48: 0 | D48: 0 | F48: 財務部 | G48: =G49+G57 -> 24053 | H48: =G48/$G$8 -> 0.015368501
C49: 0 | D49: 1 | F49: 一般行政計畫 | G49: =SUM(G50:G56) -> 22850 | H49: =G49/$G$48 -> 0.94998545
E50: A02 | F50: 工作費 | G50: 18400 | H50: =G50/$G$49 -> 0.80525164 | I50: (1)：副部長1人處理核銷費用，每週約1小時，共23週，共計200*23=4,600。
I51: (2)：副部長1人處理出納費用，每週約1小時，共23週，共計200*23=4,600。
I52: (3)：部長處理預決算編造之費用，約46小時，共計200*46=9,200。
E53: B01 | F53: 行政費 | G53: 3000 | H53: =G53/$G$49 -> 0.13129103 | I53: 依作業要點編列，本期間以6個月計算，500元 / 月。共計500*6=3,000元
E54: B12 | F54: 資通服務使用費 | G54: 650 | H54: =G54/$G$49 -> 0.028446389 | I54: Google雲端硬碟儲存空間續約費，採100GB方案，續約一年。共計650元。
E55: B14 | F55: 手續費 | G55: 300 | H55: =G55/$G$49 -> 0.013129103 | I55: 金融往來之手續費，轉帳每次15元或30元，共300元。
E56: B99 | F56: 雜支 | G56: 500 | H56: =G56/$G$49 -> 0.021881838 | I56: 依作業要點編列，每一計畫不超過500元。
C57: 9 | D57: 9 | F57: 預備金 | G57: =ROUND(G49/95*5,0) -> 1203 | H57: =G57/$G$48 -> 0.050014551 | I57: 依預算法編列單位預算 5%。
B61: 4 | C61: 0 | D61: 0 | F61: 學權部 | G61: =SUM(G62,G66,G70) -> 273054 | H61: =G61/$G$8 -> 0.174466
C62: 0 | D62: 1 | F62: 一般行政計畫 | G62: =SUM(G63:G65) -> 22700 | H62: =G62/$G$61 -> 0.083133739
E63: A02 | F63: 工作費 | G63: 19200 | H63: =G63/$G$62 -> 0.84581498 | I63: 陳情工作人員，每小時 200 元，每案陳情約需耗時 6 小時，本會期預計共收 16 案，共 96 小時。共計200*96=19,200 元。
E64: B01 | F64: 行政費 | G64: 3000 | H64: =G64/$G$62 -> 0.13215859 | I64: 依作業要點編列，本期間以6個月計算，500元 / 月。共計500*6=3,000元
E65: B99 | F65: 雜支 | G65: 500 | H65: =G65/$G$62 -> 0.022026432 | I65: 依作業要點編列，每一計畫不超過500元。
C66: 0 | D66: 2 | F66: 臺灣大學花蓮光復賑災補助計劃 | G66: =SUM(G67:G68) -> 236701 | H66: =G66/$G$61 -> 0.86686516
E67: B10 | F67: 差旅費 | G67: 213000 | H67: =G67/$G$66 -> 0.89986946 | I67: 每人補助台北-光復來回車票1,400，若停留超過一天，每天會多補助光復-花蓮的來回車票錢198。因採實報實銷與為保留業務彈性，共計213,000元。
E68: B16 | F68: 保險費 | G68: 23701 | H68: =G68/$G$66 -> 0.10013054 | I68: 保險費一天137元，因每人停留時間不一，故以天數計算，共173天。共計137*173=23,701元。
C70: 9 | D70: 9 | F70: 預備金 | G70: =ROUND((G62+G66)/95*5,0) -> 13653 | H70: =G70/$G$61 -> 0.050001099 | I70: 依預算法編列單位預算 5%。
B74: 5 | C74: 0 | D74: 0 | F74: 學術部 | G74: =G75+G78+G112+G130+G143+G167 -> 160316 | H74: =G74/$G$8 -> 0.10243282
C75: 0 | D75: 1 | F75: 一般行政計畫 | G75: =G76 -> 3000 | H75: =G75/$G$74 -> 0.018713042
E76: B01 | F76: 行政費 | G76: 3000 | H76: =G76/$G$75 -> 1 | I76: 依作業要點編列，本期間以6個月計算，本單位有1位部長。共計500*6=3,000元
C78: 1 | D78: 0 | F78: 性別平等工作坊 | G78: =G79+G81+G85+G89+G100+G104 -> 52220 | H78: =G78/$G$74 -> 0.32573168
D79: 1 | F79: 一般行政計畫 | G79: =SUM(G80) -> 3000 | H79: =G79/$G$78 -> 0.057449253
E80: B01 | F80: 行政費 | G80: 3000 | H80: =G80/$G$79 -> 1 | I80: 依作業要點編列，本期間以6個月計算，500元 / 月。共計500*6=3,000元
D81: 2 | F81: 生理用品交換站暨月經議題倡議計畫 | G81: =SUM(G82:G84) -> 5820 | H81: =G81/$G$78 -> 0.11145155
E82: A02 | F82: 工作費 | G82: 1600 | H82: =G82/$G$81 -> 0.27491409 | I82: 生理用品交換站維護費：每小時200元，預計投入8小時。共計200*8=1,600 元。
E83: A03 | F83: 稿費 | G83: 200 | H83: =G83/$G$81 -> 0.034364261 | I83: 圖卡製作：預計將製作兩張圖卡用於更新校園生理用品交換站站點資訊維護，一張圖 100 元，共計 200元。
E84: B04 | F84: 耗材費 | G84: 4020 | H84: =G84/$G$81 -> 0.69072165 | I84: 生理用品購買：預計購買衛生棉100包，一包二十片，共2,000片，分兩箱寄送。一箱運費60元，一包39 元，共計 39*100 + 60*2 =4,020 元。
D85: 3 | F85: 性別樹洞 | G85: =SUM(G86:G88) -> 6700 | H85: =G85/$G$78 -> 0.12830333
E86: A02 | F86: 工作費 | G86: 1200 | H86: =G86/$G$85 -> 0.17910448 | I86: 表單設計及活動執行：每小時200元，預計投入6小時。共計200*6=1,200元。
E87: A03 | F87: 稿費 | G87: 5500 | H87: =G87/$G$85 -> 0.82089552 | I87: (1)製圖費：預計第一期間將進行 5 次的社群平台圖文宣傳，一張圖 300 元，共計300*5=1500元。
I88: (2)投稿內容回覆及貼文文案撰寫：預計第一期間將發布 5 次的回覆貼文，每篇貼文預計1000字，每字0.8元。共計800*5=4,000元。
D89: 4 | F89: 台大校內同志大遊行 | G89: =SUM(G90:G97) -> 16800 | H89: =G89/$G$78 -> 0.32171582
E90: A02 | F90: 工作費 | G90: 1400 | H90: =G90/$G$89 -> 0.083333333 | I90: (1)聯絡及執行費用：每小時200元，預計投入2小時。共計200*2=400 元。
I91: (2)活動籌辦費用：每小時200元，預計投入5小時。共計200*5=1,000元
E92: A03 | F92: 稿費 | G92: 8900 | H92: =G92/$G$89 -> 0.5297619 | I92: (1)製圖費：遊行議題倡議，1 張圖 300 元，共6張，共計300*6=1,800元。
I93: (2)撰稿費用：撰稿費用：參與遊行的協辦單位共六個，每個協辦單位發 1 篇貼文，每篇貼文 800 元，共計800*6=4,800元。
I94: (3)宣傳與邀請文：活動公告、宣傳文案、全校信、邀請友社組織信與講師邀請信，每篇文 500 字，預計五篇，每字 0.8 元，共計2,000元。
I95: (4)主視覺設計：活動宣傳設計製圖，一張圖 300 元，共 300 元。
E96: A04 | F96: 鐘點費 | G96: 4000 | H96: =G96/$G$89 -> 0.23809524 | I96: 鐘點費—講師費（校內）：預計共邀 2 人，每場 2 小時，每小時 1,000 元，共計1,000*2*2=4,000元
E97: B05 | F97: 印刷費 | G97: 2500 | H97: =G97/$G$89 -> 0.14880952 | I97: (1)海報：宣傳海報印刷一式，共500元。
I98: (2)張貼用活動傳單：一份彩色印刷活動傳單初估費用需 50 元，預計將張貼 10 份，共計50*10=500 元。
I99: (3)標語手板：標語手板製作，五張，一張300元。共計300*5=1,500元。
D100: 5 | F100: 專欄文章藉親密關係面向及女性主義視角 | G100: =SUM(G101:G102) -> 10000 | H100: =G100/$G$78 -> 0.19149751
E101: A02 | F101: 工作費 | G101: 1000 | H101: =G101/G100 -> 0.1 | I101: 專欄主題設計及活動執行：每小時200元，預計投入5小時。共計200*5=1,000元。
E102: A03 | F102: 稿費 | G102: 9000 | H102: =G102/G100 -> 0.9 | I102: (1)製圖費：預計將進行 6 次的社群平台配合圖文宣傳，一張圖 300 元，共計300*6=1,800元。
I103: (2)專欄文案撰寫：預計發布 6 次的貼文，每篇貼文 1500 字，每字 0.8 元，共計1500*0.8*6=7,200元
D104: 6 | F104: 愛在校園蔓延時_性工坊午餐live podcast活動 | G104: =SUM(G105:G111) -> 9900 | H104: =G104/$G$78 -> 0.18958254
E105: A02 | F105: 工作費 | G105: 1400 | H105: =G105/$G$104 -> 0.14141414 | I105: (1)事前籌辦：每小時200元，預計投入5小時。共計200*5=1,000元。
I106: (2)當天主持、紀錄：每小時200元，預計投入2小時。共計200*2=400元。
E107: A03 | F107: 稿費 | G107: 2200 | H107: =G107/$G$104 -> 0.22222222 | I107: (1)稿費：活動前宣傳、活動後回顧貼文需要兩篇文案，預計共1000字，每字0.8元。共計1000*0.8*2=1,600元
I108: (2)製圖費：活動前宣傳、活動後回顧貼文共需要兩篇貼文的封面圖，每張製圖費300元。共計300*2=600元
E109: A04 | F109: 鐘點費 | G109: 2000 | H109: =G109/$G$104 -> 0.2020202 | I109: 校內外專家學者對談鐘點費：本活動將邀請校外專家參與論壇討論，每位專家 1,000 元，共2位。共計2,000元。
E110: B02 | F110: 餐費 | G110: 3600 | H110: =G110/$G$104 -> 0.36363636 | I110: 餐食：本次活動透過提供餐盒吸引學生參加，預估有30位同學參加。共計120*30=3,600元。
E111: B06 | F111: 場地費 | G111: 700 | H111: =G111/$G$104 -> 0.070707071 | I111: 論壇場地費：本次活動需借用教室，教室借用費 700 元 1 次，共計700 元。
C112: 2 | D112: 0 | F112: 轉型正義小組 | G112: =G113+G115+G121 -> 26780 | H112: =G112/$G$74 -> 0.16704509
D113: 1 | F113: 一般行政計畫 | G113: =SUM(G114) -> 3000 | H113: =G113/$G$112 -> 0.1120239
E114: B01 | F114: 行政費 | G114: 3000 | H114: =G114/G113 -> 1 | I114: 依作業要點編列，本期間以6個月計算，500元 / 月。共計500*6=3,000元
D115: 2 | F115: 社群經營【轉型正義小組社群經營】 | G115: =SUM(G116:G120) -> 12380 | H115: =G115/$G$112 -> 0.46228529
E116: A02 | F116: 工作費 | G116: 1600 | H116: =G116/$G$115 -> 0.12924071 | I116: (1)粉專管理費：每小時200元，預計投入6小時。共計200*6=1,200元。
I117: (2)社團管理費：每小時200元，預計投入2小時。共計200*2=400元。
...

Sheet 可以砍的地方
A1: 1201 | B1: A02 | C1: 16800 | E1: 返鄉專車 | F1: 20-30萬
A2: 1301 | B2: B03 | C2: 3040 | E2: 校慶 | F2: 45000 | G2: 跟院學生會合辦
B3: B10 | C3: 300 | G3: 攤位 帳篷
A4: 1402 | C4: 6500
A5: 1432 | C5: 6800
A6: 1613 | C6: 15000
A7: 1633 | C7: 15000
C12: =SUM(C1:C11) -> 63440
