Workbook

Sheet 表1｜綜計表
A1: 國立臺灣大學學生會決算案
A2: 綜計表
A3: 第38屆第一期間（114-1）
A4: 2025年9月22日至2026年3月15日
A5: 單位別 | F5: 本期間期入 | G5: 佔本期間期入 | H5: 本期間期出 | I5: 佔本期間期出
A6: 款 | B6: 項 | C6: 說明 | F6: 決算數 | G6: 百分比 | H6: 決算數 | I6: 百分比
C7: 合計 | F7: ='表2｜主要表'!G7 -> 2439553 | G7: =F7/F7 -> 1 | H7: =H9+H21+H24 -> 1193805 | I7: =H7/H7 -> 1
A9: 1 | B9: 0 | C9: 行政部門 | F9: ='表2｜主要表'!G9 -> 2439553 | G9: ='表2｜主要表'!H9 -> 1 | H9: ='表2｜主要表'!I9 -> 1006930 | I9: ='表2｜主要表'!J9 -> 0.84346271
B10: 1 | C10: 會長 | F10: ='表2｜主要表'!G11 -> 2133763 | G10: ='表2｜主要表'!H11 -> 0.87465327 | H10: ='表2｜主要表'!I11 -> 48600 | I10: ='表2｜主要表'!J11 -> 0.04826552
B11: 2 | C11: 秘書處 | F11: 0 | G11: ='表2｜主要表'!H17 -> 0 | H11: ='表2｜主要表'!I17 -> 56943 | I11: ='表2｜主要表'!J17 -> 0.056551101
B12: 3 | C12: 財務部 | F12: ='表2｜主要表'!G22 -> 0 | G12: ='表2｜主要表'!H22 -> 0 | H12: ='表2｜主要表'!I22 -> 28050 | I12: ='表2｜主要表'!J22 -> 0.027856951
B13: 4 | C13: 學權部 | F13: ='表2｜主要表'!G27 -> 109104 | G13: ='表2｜主要表'!H27 -> 0.044722947 | H13: ='表2｜主要表'!I27 -> 142954 | I13: ='表2｜主要表'!J27 -> 0.14197015
B14: 5 | C14: 學術部 | F14: 0 | G14: ='表2｜主要表'!H33 -> 0 | H14: ='表2｜主要表'!I33 -> 116558 | I14: ='表2｜主要表'!J33 -> 0.11575581
B15: 6 | C15: 文化部 | F15: ='表3-1｜期入決算附屬表'!G69 -> 103768 | G15: ='表2｜主要表'!H62 -> 0.042535661 | H15: ='表2｜主要表'!I62 -> 213117 | I15: ='表2｜主要表'!J62 -> 0.21165026
B16: 7 | C16: 公關部 | F16: ='表2｜主要表'!G70 -> 0 | G16: ='表2｜主要表'!H70 -> 0 | H16: ='表2｜主要表'!I70 -> 30679 | I16: ='表2｜主要表'!J70 -> 0.030467858
B17: 8 | C17: 選舉罷免執行委員會 | F17: ='表2｜主要表'!G77 -> 50000 | G17: ='表2｜主要表'!H77 -> 0.020495558 | H17: ='表2｜主要表'!I77 -> 219815 | I17: ='表2｜主要表'!J77 -> 0.21830217
B18: 9 | C18: 國際事務部 | F18: ='表2｜主要表'!G85 -> 42918 | G18: ='表2｜主要表'!H85 -> 0.017592567 | H18: ='表2｜主要表'!I85 -> 91524 | I18: ='表2｜主要表'!J85 -> 0.090894104
B19: A | C19: 資訊部 | F19: ='表2｜主要表'!G95 -> 0 | G19: ='表2｜主要表'!H95 -> 0 | H19: ='表2｜主要表'!I95 -> 58690 | I19: ='表2｜主要表'!J95 -> 0.058286077
A21: 2 | B21: 0 | C21: 立法部門 | F21: ='表2｜主要表'!G104 -> 0 | G21: ='表2｜主要表'!H104 -> 0 | H21: ='表2｜主要表'!I104 -> 156075 | I21: ='表2｜主要表'!J104 -> 0.13073743
B22: 1 | C22: 學生代表大會 | F22: ='表2｜主要表'!G105 -> 0 | G22: ='表2｜主要表'!H105 -> 0 | H22: ='表2｜主要表'!I105 -> 156075 | I22: ='表2｜主要表'!J105 -> 1
A24: 3 | B24: 0 | C24: 司法部門 | F24: ='表2｜主要表'!G114 -> 0 | G24: ='表2｜主要表'!H114 -> 0 | H24: ='表2｜主要表'!I114 -> 30800 | I24: ='表2｜主要表'!J114 -> 0.025799858
B25: 1 | C25: 學生法院 | F25: ='表2｜主要表'!G115 -> 0 | G25: ='表2｜主要表'!H115 -> 0 | H25: ='表2｜主要表'!I115 -> 30800 | I25: ='表2｜主要表'!J115 -> 1
A27: 款 | C27: 部門預算
A28: 項 | C28: 單位預算
A29: 目 | C29: 附屬單位預算
A30: 節 | C30: 計畫名稱

Sheet 表2｜主要表
A1: 國立臺灣大學學生會決算案
A2: 主要表
A3: 第38屆第一期間（114-1）
A4: 2025年9月22日至2026年3月15日
A5: 單位計畫別 | E5: 預算科目 | G5: 本期期入 | I5: 本期期出 | K5: 各計畫會費支出情形
A6: 款 | B6: 項 | C6: 目 | D6: 節 | E6: 代碼 | F6: 名稱 | G6: 決算數 | I6: 決算數
F7: 合計 | G7: =G9+G104+G114 -> 2439553 | H7: =G7/G7 -> 1 | I7: ='表3-2｜期出決算附屬表'!G7 -> 1193805 | J7: =I7/I7 -> 1
A9: 1 | B9: 0 | C9: 0 | D9: 0 | F9: 行政部門 | G9: ='表3-1｜期入決算附屬表'!G9 -> 2439553 | H9: =G9/G7 -> 1 | I9: ='表3-2｜期出決算附屬表'!G9 -> 1006930 | J9: ='表3-2｜期出決算附屬表'!H9 -> 0.84346271
B11: 1 | C11: 0 | D11: 0 | F11: 會長 | G11: ='表3-1｜期入決算附屬表'!G11 -> 2133763 | H11: =G11/$G$9 -> 0.87465327 | I11: ='表3-2｜期出決算附屬表'!G12 -> 48600 | J11: ='表3-2｜期出決算附屬表'!H11 -> 0.04826552
C13: 0 | D13: 1 | F13: 一般行政計畫 | G13: ='表3-1｜期入決算附屬表'!G13 -> 2133763 | H13: =G13/G11 -> 1 | I13: ='表3-2｜期出決算附屬表'!G12 -> 48600 | J13: =I13/I11 -> 1 | K13: ="會費支出："&(I13-G13) -> 會費支出：-2085163
C14: 0 | D14: 2 | F14: Line官方帳號計畫 | G14: ='表3-1｜期入決算附屬表'!G19 -> 0 | H14: 0 | I14: ='表3-2｜期出決算附屬表'!G24 -> 0 | J14: 0 | K14: ="會費支出："&(I14-G14) -> 會費支出：0
C15: 9 | D15: 9 | F15: 預備金 | G15: 0 | H15: 0 | I15: 0 | J15: =I15/I11 -> 0 | K15: ="會費支出："&(I15-G15) -> 會費支出：0
B17: 2 | C17: 0 | D17: 0 | F17: 秘書處 | G17: 0 | H17: =G17/$G$9 -> 0 | I17: ='表3-2｜期出決算附屬表'!G33 -> 56943 | J17: ='表3-2｜期出決算附屬表'!H33 -> 0.056551101
C19: 0 | D19: 1 | F19: 一般行政計畫 | G19: 0 | H19: 0 | I19: ='表3-2｜期出決算附屬表'!G34 -> 53228 | J19: =I19/I17 -> 0.93475932 | K19: ="會費支出："&(I19-G19) -> 會費支出：53228
C20: 9 | D20: 9 | F20: 預備金 | G20: 0 | H20: 0 | I20: 0 | J20: =I20/I17 -> 0 | K20: ="會費支出："&(I20-G20) -> 會費支出：0
B22: 3 | C22: 0 | D22: 0 | F22: 財務部 | G22: ='表3-1｜期入決算附屬表'!I27 -> 0 | H22: =G22/$G$9 -> 0 | I22: ='表3-2｜期出決算附屬表'!G52 -> 28050 | J22: ='表3-2｜期出決算附屬表'!H52 -> 0.027856951
C24: 0 | D24: 1 | F24: 一般行政計畫 | G24: ='表3-1｜期入決算附屬表'!I29 -> 0 | H24: 0 | I24: ='表3-2｜期出決算附屬表'!G53 -> 28050 | J24: =I24/I22 -> 1 | K24: ="會費支出："&(I24-G24) -> 會費支出：28050
C25: 9 | D25: 9 | F25: 預備金 | G25: ='表3-1｜期入決算附屬表'!I30 -> 0 | H25: 0 | I25: 0 | J25: =I25/I22 -> 0 | K25: ="會費支出："&(I25-G25) -> 會費支出：0
B27: 4 | C27: 0 | D27: 0 | F27: 學權部 | G27: ='表3-1｜期入決算附屬表'!G32 -> 109104 | H27: =G27/$G$9 -> 0.044722947 | I27: =SUM('表3-2｜期出決算附屬表'!G66) -> 142954 | J27: ='表3-2｜期出決算附屬表'!H66 -> 0.14197015
C29: 0 | D29: 1 | F29: 一般行政計畫 | G29: ='表3-1｜期入決算附屬表'!G34 -> 0 | H29: 0 | I29: ='表3-2｜期出決算附屬表'!G68 -> 22700 | J29: ='表3-2｜期出決算附屬表'!H68 -> 0.15879234 | K29: ="會費支出："&(I29-G29) -> 會費支出：22700
C30: 0 | D30: 2 | F30: 臺灣大學花蓮光復賑災補助計劃 | G30: ='表3-1｜期入決算附屬表'!G35 -> 109104 | H30: 1 | I30: ='表3-2｜期出決算附屬表'!G72 -> 109104 | J30: ='表3-2｜期出決算附屬表'!H72 -> 0.76321054 | K30: ="會費支出："&(I30-G30) -> 會費支出：0
C31: 9 | D31: 9 | F31: 預備金 | G31: ='表3-1｜期入決算附屬表'!G36 -> 0 | H31: 0 | I31: ='表3-2｜期出決算附屬表'!G76 -> 11150 | J31: ='表3-2｜期出決算附屬表'!H76 -> 0.077997118 | K31: ="會費支出："&(I31-G31) -> 會費支出：11150
B33: 5 | C33: 0 | D33: 0 | F33: 學術部 | G33: 0 | H33: =G33/$G$9 -> 0 | I33: ='表3-2｜期出決算附屬表'!G80 -> 116558 | J33: ='表3-2｜期出決算附屬表'!H80 -> 0.11575581
C35: 0 | D35: 1 | F35: 一般行政計畫 | G35: ='表3-1｜期入決算附屬表'!I40 -> 0 | H35: 0 | I35: ='表3-2｜期出決算附屬表'!G82 -> 6000 | J35: =I35/I33 -> 0.051476518 | K35: ="會費支出："&(I35-G35) -> 會費支出：6000
C37: 1 | D37: 0 | F37: 性別平等工作坊 | G37: ='表3-1｜期入決算附屬表'!G42 -> 0 | H37: ='表3-1｜期入決算附屬表'!H42 -> 0 | I37: ='表3-2｜期出決算附屬表'!G85 -> 33400 | J37: ='表3-2｜期出決算附屬表'!H85 -> 0.28655262
D38: 1 | F38: 一般行政計畫 | G38: ='表3-1｜期入決算附屬表'!G43 -> 0 | H38: ='表3-1｜期入決算附屬表'!H43 -> 0 | I38: ='表3-2｜期出決算附屬表'!G86 -> 0 | J38: ='表3-2｜期出決算附屬表'!H86 -> 0 | K38: ="會費支出："&(I38-G38) -> 會費支出：0
D39: 2 | F39: 生理用品交換站暨月經議題倡議計畫 | G39: ='表3-1｜期入決算附屬表'!G44 -> 0 | H39: ='表3-1｜期入決算附屬表'!H44 -> 0 | I39: ='表3-2｜期出決算附屬表'!G89 -> 1600 | J39: ='表3-2｜期出決算附屬表'!H89 -> 0.047904192 | K39: ="會費支出："&(I39-G39) -> 會費支出：1600
D40: 3 | F40: 性別樹洞 | G40: ='表3-1｜期入決算附屬表'!G45 -> 0 | H40: ='表3-1｜期入決算附屬表'!H45 -> 0 | I40: ='表3-2｜期出決算附屬表'!G93 -> 3400 | J40: ='表3-2｜期出決算附屬表'!H93 -> 0.10179641 | K40: ="會費支出："&(I40-G40) -> 會費支出：3400
D41: 4 | F41: 台大校內同志大遊行 | G41: ='表3-1｜期入決算附屬表'!G46 -> 0 | H41: ='表3-1｜期入決算附屬表'!H46 -> 0 | I41: ='表3-2｜期出決算附屬表'!G97 -> 10300 | J41: ='表3-2｜期出決算附屬表'!H97 -> 0.30838323 | K41: ="會費支出："&(I41-G41) -> 會費支出：10300
D42: 5 | F42: 專欄文章藉親密關係面向及女性主義視角 | G42: ='表3-1｜期入決算附屬表'!G47 -> 0 | H42: ='表3-1｜期入決算附屬表'!H47 -> 0 | I42: ='表3-2｜期出決算附屬表'!G108 -> 10000 | J42: ='表3-2｜期出決算附屬表'!H108 -> 0.2994012 | K42: ="會費支出："&(I42-G42) -> 會費支出：10000
D43: 6 | F43: 愛在校園蔓延時_性工坊午餐live podcast活動 | G43: ='表3-1｜期入決算附屬表'!G48 -> 0 | H43: ='表3-1｜期入決算附屬表'!H48 -> 0 | I43: ='表3-2｜期出決算附屬表'!G112 -> 8100 | J43: ='表3-2｜期出決算附屬表'!H112 -> 0.24251497 | K43: ="會費支出："&(I43-G43) -> 會費支出：8100
C45: 2 | D45: 0 | F45: 轉型正義組 | G45: ='表3-1｜期入決算附屬表'!G50 -> 0 | H45: ='表3-1｜期入決算附屬表'!H50 -> 0 | I45: ='表3-2｜期出決算附屬表'!G120 -> 13312 | J45: ='表3-2｜期出決算附屬表'!H120 -> 0.11420923
D46: 1 | F46: 一般行政計畫 | G46: ='表3-1｜期入決算附屬表'!G51 -> 0 | H46: ='表3-1｜期入決算附屬表'!H51 -> 0 | I46: ='表3-2｜期出決算附屬表'!G121 -> 0 | J46: ='表3-2｜期出決算附屬表'!H121 -> 0 | K46: ="會費支出："&(I46-G46) -> 會費支出：0
D47: 2 | F47: 社群經營【轉型正義小組社群經營】 | G47: ='表3-1｜期入決算附屬表'!G52 -> 0 | H47: ='表3-1｜期入決算附屬表'!H52 -> 0 | I47: ='表3-2｜期出決算附屬表'!G123 -> 3152 | J47: ='表3-2｜期出決算附屬表'!H123 -> 0.23677885 | K47: ="會費支出："&(I47-G47) -> 會費支出：3152
D48: 3 | F48: 走讀活動【白恐電影賞析：人權奮鬥的記憶傳承】 | G48: ='表3-1｜期入決算附屬表'!G53 -> 0 | H48: ='表3-1｜期入決算附屬表'!H53 -> 0 | I48: ='表3-2｜期出決算附屬表'!G129 -> 10160 | J48: ='表3-2｜期出決算附屬表'!H129 -> 0.76322115 | K48: ="會費支出："&(I48-G48) -> 會費支出：10160
G49: ='表3-1｜期入決算附屬表'!G54 -> 0 | H49: ='表3-1｜期入決算附屬表'!H54 -> 0
C50: 3 | D50: 0 | F50: 永續執行組 | G50: ='表3-1｜期入決算附屬表'!G55 -> 0 | H50: ='表3-1｜期入決算附屬表'!H55 -> 0 | I50: ='表3-2｜期出決算附屬表'!G139 -> 22400 | J50: ='表3-2｜期出決算附屬表'!H139 -> 0.192179
D51: 1 | F51: 一般行政計畫 | G51: ='表3-1｜期入決算附屬表'!G56 -> 0 | H51: ='表3-1｜期入決算附屬表'!H56 -> 0 | I51: ='表3-2｜期出決算附屬表'!G140 -> 2000 | J51: ='表3-2｜期出決算附屬表'!H140 -> 0.089285714 | K51: ="會費支出："&(I51-G51) -> 會費支出：2000
D52: 2 | F52: 從剩食減量到永續發展：校園綠色行動計畫 | G52: ='表3-1｜期入決算附屬表'!G57 -> 0 | H52: ='表3-1｜期入決算附屬表'!H57 -> 0 | I52: ='表3-2｜期出決算附屬表'!G142 -> 20400 | J52: ='表3-2｜期出決算附屬表'!H142 -> 0.91071429 | K52: ="會費支出："&(I52-G52) -> 會費支出：20400
C54: 4 | D54: 0 | F54: 本土語言小組 | G54: ='表3-1｜期入決算附屬表'!G60 -> 0 | H54: ='表3-1｜期入決算附屬表'!H60 -> 0 | I54: ='表3-2｜期出決算附屬表'!G151 -> 33100 | J54: ='表3-2｜期出決算附屬表'!H151 -> 0.28397879
D55: 1 | F55: 一般行政計畫 | G55: ='表3-1｜期入決算附屬表'!G61 -> 0 | H55: ='表3-1｜期入決算附屬表'!H61 -> 0 | I55: ='表3-2｜期出決算附屬表'!G152 -> 3000 | J55: ='表3-2｜期出決算附屬表'!H152 -> 0.090634441 | K55: ="會費支出："&(I55-G55) -> 會費支出：3000
D56: 2 | F56: 講座 〈 台語新生代 台語新聞自媒體與吟詩冠軍經驗分享〉 | G56: ='表3-1｜期入決算附屬表'!G62 -> 0 | H56: ='表3-1｜期入決算附屬表'!H62 -> 0 | I56: ='表3-2｜期出決算附屬表'!G154 -> 4200 | J56: ='表3-2｜期出決算附屬表'!H154 -> 0.12688822 | K56: ="會費支出："&(I56-G56) -> 會費支出：4200
D57: 3 | F57: 台語文課程講座 | G57: ='表3-1｜期入決算附屬表'!G63 -> 0 | H57: ='表3-1｜期入決算附屬表'!H63 -> 0 | I57: ='表3-2｜期出決算附屬表'!G160 -> 0 | J57: ='表3-2｜期出決算附屬表'!H160 -> 0 | K57: ="會費支出："&(I57-G57) -> 會費支出：0
D58: 4 | F58: 社群經營【本土語言小組社群經營】 | G58: ='表3-1｜期入決算附屬表'!G64 -> 0 | H58: ='表3-1｜期入決算附屬表'!H64 -> 0 | I58: ='表3-2｜期出決算附屬表'!G165 -> 5600 | J58: ='表3-2｜期出決算附屬表'!H165 -> 0.16918429 | K58: ="會費支出："&(I58-G58) -> 會費支出：5600
D59: 5 | F59: 工作坊【GIS重製部落地名】 | G59: ='表3-1｜期入決算附屬表'!G65 -> 0 | H59: ='表3-1｜期入決算附屬表'!H65 -> 0 | I59: ='表3-2｜期出決算附屬表'!G169 -> 20300 | J59: ='表3-2｜期出決算附屬表'!H169 -> 0.61329305 | K59: ="會費支出："&(I59-G59) -> 會費支出：20300
C60: 9 | D60: 9 | F60: 預備金 | G60: ='表3-1｜期入決算附屬表'!G67 -> 0 | H60: ='表3-1｜期入決算附屬表'!H67 -> 0 | I60: ='表3-2｜期出決算附屬表'!G175 -> 8346 | J60: ='表3-2｜期出決算附屬表'!H175 -> 0.071603837 | K60: ="會費支出："&(I60-G60) -> 會費支出：8346
B62: 6 | C62: 0 | D62: 0 | F62: 文化部 | G62: ='表3-1｜期入決算附屬表'!G69 -> 103768 | H62: =G62/$G$9 -> 0.042535661 | I62: ='表3-2｜期出決算附屬表'!G179 -> 213117 | J62: ='表3-2｜期出決算附屬表'!H179 -> 0.21165026
C64: 0 | D64: 1 | F64: 114學年度臺大電影節工作團隊內部培力 | G64: 0 | H64: 0 | I64: ='表3-2｜期出決算附屬表'!G180 -> 3000 | J64: ='表3-2｜期出決算附屬表'!H180 -> 0.014076775 | K64: ="會費支出："&(I64-G64) -> 會費支出：3000
D65: 2 | F65: 114學年度臺大電影節系列活動—短片影展 | G65: ='表3-1｜期入決算附屬表'!G72 -> 103768 | H65: ='表3-1｜期入決算附屬表'!H72 -> 1 | I65: ='表3-2｜期出決算附屬表'!G183 -> 51942 | J65: ='表3-2｜期出決算附屬表'!H183 -> 0.24372528 | K65: ="會費支出："&(I65-G65) -> 會費支出：-51826
D66: 3 | F66: 114學年度臺大電影節系列活動—長片影展 | G66: ='表3-1｜期入決算附屬表'!G75 -> 0 | H66: ='表3-1｜期入決算附屬表'!H75 -> 0 | I66: ='表3-2｜期出決算附屬表'!G193 -> 106687 | J66: ='表3-2｜期出決算附屬表'!H193 -> 0.50060296 | K66: ="會費支出："&(I66-G66) -> 會費支出：106687
D67: 4 | F67: 2025 Fall Open House NTUs 計畫 | G67: ='表3-1｜期入決算附屬表'!G76 -> 0 | H67: ='表3-1｜期入決算附屬表'!H76 -> 0 | I67: ='表3-2｜期出決算附屬表'!G205 -> 40300 | J67: ='表3-2｜期出決算附屬表'!H205 -> 0.18909801 | K67: ="會費支出："&(I67-G67) -> 會費支出：40300
C68: 9 | D68: 9 | F68: 預備金 | G68: 0 | H68: 0 | I68: 0 | J68: 0 | K68: ="會費支出："&(I68-G68) -> 會費支出：0
B70: 7 | C70: 0 | D70: 0 | F70: 公關部 | G70: 0 | H70: =G70/$G$9 -> 0 | I70: ='表3-2｜期出決算附屬表'!G220 -> 30679 | J70: ='表3-2｜期出決算附屬表'!H220 -> 0.030467858
C72: 0 | D72: 1 | F72: 一般行政計畫 | G72: ='表3-1｜期入決算附屬表'!G83 -> 0 | H72: ='表3-1｜期入決算附屬表'!H83 -> 0 | I72: ='表3-2｜期出決算附屬表'!G221 -> 26000 | J72: ='表3-2｜期出決算附屬表'!H221 -> 0.84748525 | K72: ="會費支出："&(I72-G72) -> 會費支出：26000
D73: 2 | F73: 社群觸及關注提升作業 | G73: ='表3-1｜期入決算附屬表'!G84 -> 0 | H73: ='表3-1｜期入決算附屬表'!H84 -> 0 | I73: ='表3-2｜期出決算附屬表'!G228 -> 0 | J73: ='表3-2｜期出決算附屬表'!H228 -> 0 | K73: ="會費支出："&(I73-G73) -> 會費支出：0
D74: 3 | F74: 期末歐趴補給站 | G74: ='表3-1｜期入決算附屬表'!G85 -> 0 | H74: ='表3-1｜期入決算附屬表'!H85 -> 0 | I74: ='表3-2｜期出決算附屬表'!G231 -> 4679 | J74: ='表3-2｜期出決算附屬表'!H231 -> 0.15251475 | K74: ="會費支出："&(I74-G74) -> 會費支出：4679
C75: 9 | D75: 9 | F75: 預備金 | G75: 0 | H75: 0 | I75: 0 | J75: 0 | K75: ="會費支出："&(I75-G75) -> 會費支出：0
B77: 8 | C77: 0 | D77: 0 | F77: 選舉罷免執行委員會 | G77: ='表3-1｜期入決算附屬表'!I88 -> 50000 | H77: =G77/$G$9 -> 0.020495558 | I77: ='表3-2｜期出決算附屬表'!G239 -> 219815 | J77: ='表3-2｜期出決算附屬表'!H239 -> 0.21830217
C79: 0 | D79: 1 | F79: 一般行政計畫 | G79: ='表3-1｜期入決算附屬表'!G90 -> 10000 | H79: ='表3-1｜期入決算附屬表'!H90 -> 0.2 | I79: ='表3-2｜期出決算附屬表'!G240 -> 30807 | J79: ='表3-2｜期出決算附屬表'!H240 -> 0.14014967 | K79: ="會費支出："&(I79-G79) -> 會費支出：20807
D80: 2 | F80: 選務行政計畫 | G80: ='表3-1｜期入決算附屬表'!G92 -> 40000 | H80: ='表3-1｜期入決算附屬表'!H92 -> 0.8 | I80: ='表3-2｜期出決算附屬表'!G256 -> 155003 | J80: ='表3-2｜期出決算附屬表'!H256 -> 0.70515206 | K80: ="會費支出："&(I80-G80) -> 會費支出：115003
D81: 3 | F81: 選舉身份查驗電子化計畫 | G81: ='表3-1｜期入決算附屬表'!G94 -> 0 | H81: ='表3-1｜期入決算附屬表'!H94 -> 0 | I81: ='表3-2｜期出決算附屬表'!G277 -> 28000 | J81: ='表3-2｜期出決算附屬表'!H277 -> 0.12737984 | K81: ="會費支出："&(I81-G81) -> 會費支出：28000
D82: 4 | F82: 選舉法規修正計劃 | G82: ='表3-1｜期入決算附屬表'!G95 -> 0 | H82: ='表3-1｜期入決算附屬表'!H95 -> 0 | I82: ='表3-2｜期出決算附屬表'!G280 -> 0 | J82: ='表3-2｜期出決算附屬表'!H280 -> 0 | K82: ="會費支出："&(I82-G82) -> 會費支出：0
C83: 9 | D83: 9 | F83: 預備金 | G83: ='表3-1｜期入決算附屬表'!G97 -> 0 | H83: ='表3-1｜期入決算附屬表'!H97 -> 0 | I83: ='表3-2｜期出決算附屬表'!G283 -> 6005 | J83: ='表3-2｜期出決算附屬表'!H283 -> 0.027318427 | K83: ="會費支出："&(I83-G83) -> 會費支出：6005
B85: 9 | C85: 0 | D85: 0 | F85: 國際事務部 | G85: ='表3-1｜期入決算附屬表'!G99 -> 42918 | H85: =G85/$G$9 -> 0.017592567 | I85: ='表3-2｜期出決算附屬表'!G287 -> 91524 | J85: ='表3-2｜期出決算附屬表'!H287 -> 0.090894104
C87: 1 | D87: 0 | F87: 權益組 | G87: ='表3-1｜期入決算附屬表'!G103 -> 25880 | H87: =G87/$G$85 -> 0.60301039 | I87: ='表3-2｜期出決算附屬表'!G294 -> 30778 | J87: ='表3-2｜期出決算附屬表'!H294 -> 0.33628338
D88: 1 | F88: Foreign Student Conference | G88: ='表3-1｜期入決算附屬表'!G104 -> 21777 | H88: ='表3-1｜期入決算附屬表'!H104 -> 0.84146059 | I88: ='表3-2｜期出決算附屬表'!G295 -> 24775 | J88: ='表3-2｜期出決算附屬表'!H295 -> 0.80495809 | K88: ="會費支出："&(I88-G88) -> 會費支出：2998
D89: 2 | F89: NTUSADIA X Foreign Student Association Gathering | G89: ='表3-1｜期入決算附屬表'!G106 -> 4103 | H89: ='表3-1｜期入決算附屬表'!H106 -> 0.15853941 | I89: ='表3-2｜期出決算附屬表'!G302 -> 6003 | J89: ='表3-2｜期出決算附屬表'!H302 -> 0.19504191 | K89: ="會費支出："&(I89-G89) -> 會費支出：1900
C90: 2 | D90: 0 | F90: 活動組 | G90: ='表3-1｜期入決算附屬表'!G109 -> 17038 | H90: =G90/$G$85 -> 0.39698961 | I90: ='表3-2｜期出決算附屬表'!G308 -> 22046 | J90: ='表3-2｜期出決算附屬表'!H308 -> 0.24087671
D91: 1 | F91: Make & Taste | G91: ='表3-1｜期入決算附屬表'!G110 -> 5488 | H91: ='表3-1｜期入決算附屬表'!H110 -> 0.32210353 | I91: ='表3-2｜期出決算附屬表'!G309 -> 6088 | J91: ='表3-2｜期出決算附屬表'!H309 -> 0.27614987 | K91: ="會費支出："&(I91-G91) -> 會費支出：600
D92: 2 | F92: NTUSADIA X FFH Game Night | G92: ='表3-1｜期入決算附屬表'!G112 -> 4800 | H92: ='表3-1｜期入決算附屬表'!H112 -> 0.28172321 | I92: ='表3-2｜期出決算附屬表'!G316 -> 6480 | J92: ='表3-2｜期出決算附屬表'!H316 -> 0.29393087 | K92: ="會費支出："&(I92-G92) -> 會費支出：1680
D93: 3 | F93: Make & Gather | G93: ='表3-1｜期入決算附屬表'!G114 -> 6750 | H93: ='表3-1｜期入決算附屬表'!H114 -> 0.39617326 | I93: ='表3-2｜期出決算附屬表'!G324 -> 9478 | J93: ='表3-2｜期出決算附屬表'!H324 -> 0.42991926 | K93: ="會費支出："&(I93-G93) -> 會費支出：2728
B95: A | C95: 0 | D95: 0 | F95: 資訊部 | G95: ='表3-1｜期入決算附屬表'!I119 -> 0 | H95: =G95/$G$9 -> 0 | I95: ='表3-2｜期出決算附屬表'!G341 -> 58690 | J95: ='表3-2｜期出決算附屬表'!H341 -> 0.058286077
C97: 0 | D97: 1 | F97: 一般行政計畫 | G97: 0 | H97: 0 | I97: ='表3-2｜期出決算附屬表'!G342 -> 29490 | J97: ='表3-2｜期出決算附屬表'!H342 -> 0.50247061 | K97: ="會費支出："&(I97-G97) -> 會費支出：29490
D98: 2 | F98: 全校網際網路服務體驗改善專案計畫 | G98: 0 | H98: 0 | I98: ='表3-2｜期出決算附屬表'!G344 -> 5200 | J98: ='表3-2｜期出決算附屬表'!H344 -> 0.088601125 | K98: ="會費支出："&(I98-G98) -> 會費支出：5200
D99: 3 | F99: 校內新資訊系統開發流程規範追蹤計畫 | G99: 0 | H99: 0 | I99: ='表3-2｜期出決算附屬表'!G348 -> 4800 | J99: ='表3-2｜期出決算附屬表'!H348 -> 0.081785653 | K99: ="會費支出："&(I99-G99) -> 會費支出：4800
D100: 4 | F100: 校內資訊安全與隱私權議題探討及改善倡議計畫 | G100: 0 | H100: 0 | I100: ='表3-2｜期出決算附屬表'!G352 -> 6400 | J100: ='表3-2｜期出決算附屬表'!H352 -> 0.10904754 | K100: ="會費支出："&(I100-G100) -> 會費支出：6400
D101: 5 | F101: 陳情案件處理及資訊相關突發事件追蹤 | G101: 0 | H101: 0 | I101: ='表3-2｜期出決算附屬表'!G356 -> 12800 | J101: ='表3-2｜期出決算附屬表'!H356 -> 0.21809508 | K101: ="會費支出："&(I101-G101) -> 會費支出：12800
C102: 9 | D102: 9 | F102: 預備金 | G102: 0 | H102: 0 | I102: 0 | J102: 0 | K102: ="會費支出："&(I102-G102) -> 會費支出：0
A104: 2 | B104: 0 | C104: 0 | D104: 0 | F104: 立法部門 | G104: ='表3-1｜期入決算附屬表'!I128 -> 0 | H104: =G104/$G$9 -> 0 | I104: ='表3-2｜期出決算附屬表'!G365 -> 156075 | J104: ='表3-2｜期出決算附屬表'!H365 -> 0.13073743
B105: 1 | C105: 0 | D105: 0 | F105: 學生代表大會 | G105: ='表3-1｜期入決算附屬表'!I130 -> 0 | H105: 0 | I105: ='表3-2｜期出決算附屬表'!G366 -> 156075 | J105: ='表3-2｜期出決算附屬表'!J366 -> 1
C106: 0 | D106: 1 | F106: 一般立法計畫 | G106: 0 | H106: 0 | I106: ='表3-2｜期出決算附屬表'!G367 -> 105161 | J106: ='表3-2｜期出決算附屬表'!H367 -> 0.67378504 | K106: ="會費支出："&(I106-G106) -> 會費支出：105161
D107: 2 | F107: 友校學生自治機關交流計劃 | G107: 0 | H107: 0 | I107: ='表3-2｜期出決算附屬表'!G387 -> 8277 | J107: ='表3-2｜期出決算附屬表'!H387 -> 0.053032196 | K107: ="會費支出："&(I107-G107) -> 會費支出：8277
D108: 3 | F108: 議事資料整理暨系統維護計畫 | G108: 0 | H108: 0 | I108: ='表3-2｜期出決算附屬表'!G395 -> 0 | J108: ='表3-2｜期出決算附屬表'!H395 -> 0 | K108: ="會費支出："&(I108-G108) -> 會費支出：0
D109: 4 | F109: 校園民主論壇 | G109: 0 | H109: 0 | I109: ='表3-2｜期出決算附屬表'!G401 -> 18704 | J109: ='表3-2｜期出決算附屬表'!H401 -> 0.11983982 | K109: ="會費支出："&(I109-G109) -> 會費支出：18704
D110: 5 | F110: 電影獨立放映會 | G110: 0 | H110: 0 | I110: ='表3-2｜期出決算附屬表'!G407 -> 0 | J110: ='表3-2｜期出決算附屬表'!H407 -> 0 | K110: ="會費支出："&(I110-G110) -> 會費支出：0
D111: 6 | F111: 臺大三會赴泰國交流計劃 | G111: 0 | H111: 0 | I111: ='表3-2｜期出決算附屬表'!G411 -> 23514 | J111: ='表3-2｜期出決算附屬表'!H411 -> 0.15065834 | K111: ="會費支出："&(I111-G111) -> 會費支出：23514
C112: 9 | D112: 9 | F112: 預備金 | G112: ='表3-1｜期入決算附屬表'!I138 -> 0 | H112: 0 | I112: ='表3-2｜期出決算附屬表'!G423 -> 419 | J112: ='表3-2｜期出決算附屬表'!H423 -> 0.0026846068 | K112: ="會費支出："&(I112-G112) -> 會費支出：419
A114: 3 | B114: 0 | C114: 0 | D114: 0 | F114: 司法部門 | G114: ='表3-1｜期入決算附屬表'!I140 -> 0 | H114: ='表3-1｜期入決算附屬表'!J140 -> 0 | I114: ='表3-2｜期出決算附屬表'!G427 -> 30800 | J114: ='表3-2｜期出決算附屬表'!H427 -> 0.025799858
B115: 1 | C115: 0 | D115: 0 | F115: 學生法院 | G115: ='表3-1｜期入決算附屬表'!I142 -> 0 | H115: ='表3-1｜期入決算附屬表'!J142 -> 0 | I115: ='表3-2｜期出決算附屬表'!G428 -> 30800 | J115: ='表3-2｜期出決算附屬表'!J428 -> 1
C116: 0 | D116: 1 | F116: 一般司法計畫 | G116: ='表3-1｜期入決算附屬表'!I144 -> 0 | H116: ='表3-1｜期入決算附屬表'!J144 -> 0 | I116: ='表3-2｜期出決算附屬表'!G429 -> 30800 | J116: ='表3-2｜期出決算附屬表'!H429 -> 1 | K116: ="會費支出："&(I116-G116) -> 會費支出：30800
C117: 9 | D117: 9 | F117: 預備金 | G117: ='表3-1｜期入決算附屬表'!I146 -> 0 | H117: ='表3-1｜期入決算附屬表'!J146 -> 0 | I117: 0 | J117: ='表3-2｜期出決算附屬表'!H444 -> 0 | K117: ="會費支出："&(I117-G117) -> 會費支出：0

Sheet 表3-1｜期入決算附屬表
A1: 國立臺灣大學學生會決算案
A2: 期入決算副屬表
A3: 第38屆第一期間（114-1）
A4: 2025年9月22日至2026年3月15日
A5: 單位計畫別 | E5: 預算科目 | G5: 本期間 | H5: 本期間 | I5: 本期間 | J5: 本期間 | K5: 本期間 | L5: 本期間 | M5: 說明 | N5: 委員會意見｜大會審議結果
A6: 款 | B6: 項 | C6: 目 | D6: 節 | E6: 代碼 | F6: 名稱 | G6: 決算數 | H6: 決算百分比 | I6: 預算數 | J6: 百分比 | K6: 餘絀數 | L6: 預算執行率
F7: 合計 | G7: =G9 -> 2439553 | H7: 1 | I7: =I9+I128+I140 -> 2589130 | J7: 1 | K7: =I7-G7 -> 149577 | L7: =G7/I7 -> 0.94222886
A9: 1 | B9: 0 | C9: 0 | D9: 0 | F9: 行政部門 | G9: =SUM(G11,G22,G27,G32,G38,G69,G81,G88,G99,G119,) -> 2439553 | H9: 1 | I9: =I11+I22+I27+I32+I38+I69+I81+I88+I99+I119 -> 2589130 | J9: =I9/$I$7 -> 1 | K9: =K11+K69+K99 -> -38681 | L9: =G9/I9 -> 0.94222886
B11: 1 | C11: 0 | D11: 0 | F11: 會長 | G11: =SUM(G13,G19,G20) -> 2133763 | H11: =G11/G9 -> 0.87465327 | I11: =SUM(I13,I19,I20) -> 2095497 | J11: =I11/$I$9 -> 0.80934407 | K11: =SUM(K13,K19,K20) -> 38266 | L11: =G11/I11 -> 1.0182611
C13: 0 | D13: 1 | F13: 一般行政計畫 | G13: =SUM(G14:G18) -> 2133763 | H13: =G13/$G$11 -> 1 | I13: =I14+I17 -> 2095497 | J13: =I13/$I$11 -> 1 | K13: =G13-I13 -> 38266 | L13: =G13/I13 -> 1.0182611
E14: Z01 | F14: 會費收入 | G14: 0 | H14: =G14/G13 -> 0 | I14: 1217715 | J14: =I14/$I$11 -> 0.58111035 | K14: =G14-I14 -> -1217715 | L14: =G14/I14 -> 0
E15: Z04 | F15: 公關贊助收入 | G15: 0 | H15: =G15/G13 -> 0 | I15: 0 | J15: =I15/$I$13 -> 0 | K15: =G15-I15 -> 0 | L15: 0 | M15: 各類廠商贊助。
E16: Z52 | F16: 學校專案補助 | G16: 38266 | H16: =G16/G13 -> 0.017933576 | I16: 0 | J16: =I16/$I$13 -> 0 | K16: =G16-I16 -> 38266 | L16: 1
E17: Z99 | F17: 前期轉入 | G17: 2095497 | H17: =G17/G13 -> 0.98206642 | I17: 877782 | J17: =I17/$I$13 -> 0.41888965 | K17: =G17-I17 -> 1217715 | L17: =G17/I17 -> 2.3872636 | M17: 中信餘額：1,602,217
M18: 郵局餘額：493,280
C19: 0 | D19: 2 | F19: Line官方帳號計畫 | G19: 0 | H19: 0 | I19: 0 | J19: 0 | K19: =G19-I19 -> 0 | L19: 0
C20: 9 | D20: 9 | F20: 預備金 | G20: 0 | H20: 0 | I20: 0 | J20: =I20/$I$11 -> 0 | K20: =G20-I20 -> 0 | L20: 0
B22: 2 | C22: 0 | D22: 0 | F22: 秘書處 | G22: 0 | H22: 0 | I22: 0 | J22: =I22/$I$9 -> 0 | K22: 0 | L22: 0
C24: 0 | D24: 1 | F24: 一般行政計畫 | G24: 0 | H24: 0 | I24: 0 | J24: 0 | K24: =G24-I24 -> 0 | L24: 0
C25: 9 | D25: 9 | F25: 預備金 | G25: 0 | H25: 0 | I25: 0 | J25: 0 | K25: =G25-I25 -> 0 | L25: 0
B27: 3 | C27: 0 | D27: 0 | F27: 財務部 | G27: 0 | H27: 0 | I27: 0 | J27: =I27/$I$9 -> 0 | K27: 0 | L27: 0
C29: 0 | D29: 1 | F29: 一般行政計畫 | G29: 0 | H29: 0 | I29: 0 | J29: 0 | K29: =G29-I29 -> 0 | L29: 0
C30: 9 | D30: 9 | F30: 預備金 | G30: 0 | H30: 0 | I30: 0 | J30: 0 | K30: =G30-I30 -> 0 | L30: 0
B32: 4 | C32: 0 | D32: 0 | F32: 學權部 | G32: =SUM(G34,G35,G36) -> 109104 | H32: 0 | I32: =SUM(I35) -> 220000 | J32: =I32/$I$9 -> 0.084970627 | K32: =SUM(K34:K36) -> -110896 | L32: 0
C34: 0 | D34: 1 | F34: 一般行政計畫 | G34: 0 | H34: 0 | I34: 0 | J34: 0 | K34: =G34-I34 -> 0 | L34: 0
C35: 0 | D35: 2 | F35: 臺灣大學花蓮光復賑災補助計劃 | G35: 109104 | H35: =G35/$G$32 -> 1 | I35: 220000 | J35: =I35/I32 -> 1 | K35: =G35-I35 -> -110896 | L35: =G35/I35 -> 0.49592727
C36: 9 | D36: 9 | F36: 預備金 | G36: 0 | H36: 0 | I36: 0 | J36: 0 | K36: =G36-I36 -> 0 | L36: 0
B38: 5 | C38: 0 | D38: 0 | F38: 學術部 | G38: 0 | H38: 0 | I38: 0 | J38: =I38/$I$9 -> 0 | K38: 0 | L38: 0
C40: 0 | D40: 1 | F40: 一般行政計畫 | G40: 0 | H40: 0 | I40: 0 | J40: 0 | K40: =G40-I40 -> 0 | L40: 0
C42: 1 | D42: 0 | F42: 性別平等工作坊 | G42: 0 | H42: 0 | I42: 0 | J42: 0 | K42: =G42-I42 -> 0 | L42: 0
D43: 1 | F43: 一般行政計畫 | G43: 0 | H43: 0 | I43: 0 | J43: 0 | K43: =G43-I43 -> 0 | L43: 0
D44: 2 | F44: 生理用品交換站暨月經議題倡議計畫 | G44: 0 | H44: 0 | I44: 0 | J44: 0 | K44: =G44-I44 -> 0 | L44: 0
D45: 3 | F45: 性別樹洞 | G45: 0 | H45: 0 | I45: 0 | J45: 0 | K45: =G45-I45 -> 0 | L45: 0
D46: 4 | F46: 台大校內同志大遊行 | G46: 0 | H46: 0 | I46: 0 | J46: 0 | K46: =G46-I46 -> 0 | L46: 0
D47: 5 | F47: 專欄文章藉親密關係面向及女性主義視角 | G47: 0 | H47: 0 | I47: 0 | J47: 0 | K47: =G47-I47 -> 0 | L47: 0
D48: 6 | F48: 愛在校園蔓延時_性工坊午餐live podcast活動 | G48: 0 | H48: 0 | I48: 0 | J48: 0 | K48: =G48-I48 -> 0 | L48: 0
C50: 2 | D50: 0 | F50: 轉型正義組 | G50: 0 | H50: 0 | I50: 0 | J50: 0 | K50: =G50-I50 -> 0 | L50: 0
D51: 1 | F51: 一般行政計畫 | G51: 0 | H51: 0 | I51: 0 | J51: 0 | K51: =G51-I51 -> 0 | L51: 0
D52: 2 | F52: 社群經營【轉型正義小組社群經營】 | G52: 0 | H52: 0 | I52: 0 | J52: 0 | K52: =G52-I52 -> 0 | L52: 0
D53: 3 | F53: 走讀活動【白恐電影賞析：人權奮鬥的記憶傳承】 | G53: 0 | H53: 0 | I53: 0 | J53: 0 | K53: 0 | L53: 0
C55: 3 | D55: 0 | F55: 永續組 | G55: 0 | H55: 0 | I55: 0 | J55: 0 | K55: =G55-I55 -> 0 | L55: 0
D56: 1 | F56: 一般行政計畫 | G56: 0 | H56: 0 | I56: 0 | J56: 0 | K56: =G56-I56 -> 0 | L56: 0
D57: 2 | F57: 從剩食減量到永續發展：校園綠色行動計畫 | G57: 0 | H57: 0 | I57: 0 | J57: 0 | K57: =G57-I57 -> 0 | L57: 0
D58: 3 | F58: 走讀活動【白恐電影賞析：人權奮鬥的記憶傳承】 | G58: 0 | H58: 0 | I58: 0 | J58: 0 | K58: =G58-I58 -> 0 | L58: 0
C60: 4 | D60: 0 | F60: 本土語言小組 | G60: 0 | H60: 0 | I60: 0 | J60: 0 | K60: =G60-I60 -> 0 | L60: 0
D61: 1 | F61: 一般行政計畫 | G61: 0 | H61: 0 | I61: 0 | J61: 0 | K61: =G61-I61 -> 0 | L61: 0
D62: 2 | F62: 講座 〈 台語新生代 台語新聞自媒體與吟詩冠軍經驗分享〉 | G62: 0 | H62: 0 | I62: 0 | J62: 0 | K62: =G62-I62 -> 0 | L62: 0
D63: 3 | F63: 台語文課程講座 | G63: 0 | H63: 0 | I63: 0 | J63: 0 | K63: =G63-I63 -> 0 | L63: 0
D64: 4 | F64: 社群經營【本土語言小組社群經營】 | G64: 0 | H64: 0 | I64: 0 | J64: 0 | K64: =G64-I64 -> 0 | L64: 0
D65: 5 | F65: 工作坊【GIS重製部落地名】 | G65: 0 | H65: 0 | I65: 0 | J65: 0 | K65: =G65-I65 -> 0 | L65: 0
C67: 9 | D67: 9 | F67: 預備金 | G67: 0 | H67: 0 | I67: 0 | J67: 0 | K67: =G67-I67 -> 0 | L67: 0
B69: 6 | C69: 0 | D69: 0 | F69: 文化部 | G69: =SUM(G71,G72,G75,G76,) -> 103768 | H69: =G69/G7 -> 0.042535661 | I69: =SUM(I71,I72,I75,I76,) -> 160000 | J69: 0 | K69: =SUM(K71,K72,K75,K76,) -> -56232 | L69: 0
C71: 0 | D71: 2 | F71: 114學年度臺大電影節工作團隊內部培力 | G71: 0 | H71: 0 | I71: 0 | J71: 0 | K71: =G71-I71 -> 0 | L71: 0
C72: 0 | D72: 3 | F72: 114學年度臺大電影節系列活動—短片影展 | G72: =G73 -> 103768 | H72: =G72/G69 -> 1 | I72: =I73 -> 160000 | J72: =I72/I69 -> 1 | K72: =K73 -> -56232 | L72: =G72/I72 -> 0.64855
E73: Z52 | F73: 學校專案補助 | G73: 103768 | H73: 0 | I73: 160000 | J73: =I73/I72 -> 1 | K73: =G73-I73 -> -56232 | L73: =G73/I73 -> 0.64855 | M73: (1)國立臺灣大學第一學生活動中心餐廳藝文回饋金（114年度下半年與115年度上半年各四萬，總計八萬）
M74: (2)國立臺灣大學學務處課外活動指年度下半年與115年度上半年各四萬，總計八萬）
D75: 4 | F75: 114學年度臺大電影節系列活動—長片影展 | G75: 0 | H75: 0 | I75: 0 | J75: 0 | K75: =G75-I75 -> 0 | L75: 0
D76: 5 | F76: 2025 Fall Open House NTUs 計畫 | G76: 0 | H76: 0 | I76: 0 | J76: 0 | K76: =G76-I76 -> 0 | L76: 0
C78: 9 | D78: 9 | F78: 預備金
B81: 7 | C81: 0 | D81: 0 | F81: 公關部 | G81: 0 | H81: 0 | I81: 0 | J81: =I81/$I$9 -> 0 | K81: 0 | L81: 0
C83: 0 | D83: 1 | F83: 一般行政計畫 | G83: 0 | H83: 0 | I83: 0 | J83: 0 | K83: =G83-I83 -> 0 | L83: 0
D84: 2 | F84: 社群觸及關注提升作業 | G84: 0 | H84: 0 | I84: 0 | J84: 0 | K84: =G84-I84 -> 0 | L84: 0
D85: 3 | F85: 期末歐趴補給站 | G85: 0 | H85: 0 | I85: 0 | J85: 0 | K85: =G85-I85 -> 0 | L85: 0
C86: 9 | D86: 9 | F86: 預備金 | G86: 0 | H86: 0 | I86: 0 | J86: 0 | K86: =G86-I86 -> 0 | L86: 0
B88: 8 | C88: 0 | D88: 0 | F88: 選舉罷免執行委員會 | G88: =SUM(G90,G92) -> 50000 | H88: =G88/G9 -> 0.020495558 | I88: =SUM(I90,I92) -> 50000 | J88: =I88/$I$9 -> 0.019311506 | K88: 0 | L88: 0
C90: 0 | D90: 1 | F90: 一般行政計畫 | G90: =G91 -> 10000 | H90: =G90/G88 -> 0.2 | I90: 10000 | J90: =I90/$I$88 -> 0.2 | K90: =G90-I90 -> 0 | L90: =G90/I90 -> 1
E91: Z52 | F91: 學校專案補助 | G91: 10000 | I91: 10000 | J91: 1 | K91: =G91-I91 -> 0 | L91: =G91/I91 -> 1 | M91: (1) 學務處課外組選務常態補助。
C92: 0 | D92: 2 | F92: 選務行政計畫 | G92: =G93 -> 40000 | H92: =G92/G88 -> 0.8 | I92: 40000 | J92: =I92/$I$88 -> 0.8 | K92: =G92-I92 -> 0 | L92: =G92/I92 -> 1
E93: Z52 | F93: 學校專案補助 | G93: 40000 | I93: 40000 | J93: 1 | K93: =G93-I93 -> 0 | L93: =G93/I93 -> 1 | M93: (1) 學務處課外組選務常態補助。
C94: 0 | D94: 3 | F94: 選舉身份查驗電子化計畫 | G94: 0 | H94: 0 | I94: 0 | J94: 0 | K94: =G94-I94 -> 0 | L94: 0
C95: 0 | D95: 4 | F95: 選舉法規修正計劃 | G95: 0 | H95: 0 | I95: 0 | J95: 0 | K95: =G95-I95 -> 0 | L95: 0
C97: 9 | D97: 9 | F97: 預備金 | G97: 0 | H97: 0 | I97: 0 | J97: 0 | K97: =G97-I97 -> 0 | L97: 0
B99: 9 | C99: 0 | D99: 0 | F99: 國際事務部 | G99: =SUM(G103,G109,G117) -> 42918 | H99: =G99/G7 -> 0.017592567 | I99: =SUM(I101,I103,I109) -> 63633 | J99: =I99/$I$9 -> 0.024576981 | K99: =SUM(K101,K103,K109,K117) -> -20715 | L99: 0
C101: 0 | D101: 1 | F101: 一般行政計畫 | G101: 0 | H101: 0 | I101: 0 | J101: 0 | K101: =G101-I101 -> 0 | L101: 0
C103: 1 | D103: 0 | F103: 權益組 | G103: =SUM(G104,G106) -> 25880 | H103: =G103/$G$99 -> 0.60301039 | I103: 35400 | J103: 0.556 | K103: =G103-I103 -> -9520 | L103: =G103/I103 -> 0.73107345
D104: 1 | F104: Foreign Student Conference | G104: =G105 -> 21777 | H104: =G104/$G$103 -> 0.84146059 | I104: 29200 | J104: 0.782 | K104: =G104-I104 -> -7423 | L104: =G104/I104 -> 0.74578767
E105: Z52 | F105: 學校專案補助 | G105: 21777 | H105: =G105/G104 -> 1 | I105: 29200 | J105: 1 | K105: =G105-I105 -> -7423 | L105: =G105/I105 -> 0.74578767
D106: 2 | F106: NTUSADIA X Foreign Student Association Gathering | G106: =G107 -> 4103 | H106: =G106/$G$103 -> 0.15853941 | I106: 7700 | J106: 0.218 | K106: =G106-I106 -> -3597 | L106: =G106/I106 -> 0.53285714
E107: Z52 | F107: 學校專案補助 | G107: 4103 | H107: =G107/G106 -> 1 | I107: 7700 | J107: 1 | K107: =G107-I107 -> -3597 | L107: =G107/I107 -> 0.53285714
C109: 2 | D109: 0 | F109: 活動組 | G109: =SUM(G110,G112,G114) -> 17038 | H109: =G109/$G$99 -> 0.39698961 | I109: 28233 | J109: 0.444 | K109: =G109-I109 -> -11195 | L109: =G109/I109 -> 0.6034782
D110: 1 | F110: Make & Taste | G110: =G111 -> 5488 | H110: =G110/$G$109 -> 0.32210353 | I110: 7300 | J110: 0.259 | K110: =G110-I110 -> -1812 | L110: =G110/I110 -> 0.75178082
E111: Z52 | F111: 學校專案補助 | G111: 5488 | H111: =G111/G110 -> 1 | I111: 7300 | J111: =I111/I110 -> 1 | K111: =G111-I111 -> -1812 | L111: =G111/I111 -> 0.75178082
D112: 2 | F112: NTUSADIA X FFH Game Night | G112: =G113 -> 4800 | H112: =G112/$G$109 -> 0.28172321 | I112: 8800 | J112: 0.312 | K112: =G112-I112 -> -4000 | L112: =G112/I112 -> 0.54545455
E113: Z52 | F113: 學校專案補助 | G113: 4800 | H113: =G113/G112 -> 1 | I113: 8800 | J113: 1 | K113: =G113-I113 -> -4000 | L113: =G113/I113 -> 0.54545455
D114: 3 | F114: Make & Gather | G114: =G115 -> 6750 | H114: =G114/$G$109 -> 0.39617326 | I114: 12133 | J114: 0.43 | K114: =G114-I114 -> -5383 | L114: =G114/I114 -> 0.55633397
E115: Z52 | F115: 學校專案補助 | G115: 6750 | H115: =G115/G114 -> 1 | I115: 12133 | J115: 1 | K115: =G115-I115 -> -5383 | L115: =G115/I115 -> 0.55633397
C117: 9 | D117: 9 | F117: 預備金 | G117: 0 | H117: 0 | I117: 0 | J117: 0 | K117: =G117-I117 -> 0 | L117: 0
B119: A | C119: 0 | D119: 0 | F119: 資訊部 | G119: 0 | H119: 0 | I119: 0 | J119: =I119/$I$9 -> 0 | K119: 0 | L119: 0
C121: 0 | D121: 1 | F121: 一般行政計畫 | G121: 0 | H121: 0 | I121: 0 | J121: 0 | K121: =G121-I121 -> 0 | L121: 0
D122: 2 | F122: 全校網際網路服務體驗改善專案 | G122: 0 | H122: 0 | I122: 0 | J122: 0 | K122: =G122-I122 -> 0 | L122: 0
D123: 3 | F123: 校內新資訊系統開發流程規範追蹤計畫 | G123: 0 | H123: 0 | I123: 0 | J123: 0 | K123: =G123-I123 -> 0 | L123: 0
D124: 4 | F124: 校內資訊安全與隱私權議題探討及改善倡議計畫 | G124: 0 | H124: 0 | I124: 0 | J124: 0 | K124: =G124-I124 -> 0 | L124: 0
D125: 5 | F125: 陳情案件處理及資訊相關突發事件追蹤 | G125: 0 | H125: 0 | I125: 0 | J125: 0 | K125: =G125-I125 -> 0 | L125: 0
C126: 9 | D126: 9 | F126: 預備金 | G126: 0 | H126: 0
A128: 2 | B128: 0 | C128: 0 | D128: 0 | F128: 立法部門 | G128: 0 | H128: 0 | I128: 0 | J128: =I128/$I$7 -> 0 | K128: 0 | L128: 0
B130: 1 | C130: 0 | D130: 0 | F130: 學生代表大會 | G130: 0 | H130: 0 | I130: 0 | J130: 0 | K130: 0 | L130: 0
C132: 0 | D132: 1 | F132: 一般立法計畫 | G132: 0 | H132: 0 | I132: 0 | J132: 0 | K132: =G132-I132 -> 0 | L132: 0
C133: 0 | D133: 2 | F133: 友校學生自治機關交流計劃 | G133: 0 | H133: 0 | I133: 0 | J133: 0 | K133: =G133-I133 -> 0 | L133: 0
C134: 0 | D134: 3 | F134: 議事資料整理暨系統維護計畫 | G134: 0 | H134: 0 | I134: 0 | J134: 0 | K134: =G134-I134 -> 0 | L134: 0
C135: 0 | D135: 4 | F135: 校園民主論壇 | G135: 0 | H135: 0 | I135: 0 | J135: 0 | K135: =G135-I135 -> 0 | L135: 0
...

Sheet 表3-2｜期出決算附屬表
A1: 國立臺灣大學學生會決算案
A2: 期出決算副屬表
A3: 第38屆第一期間（114-1）
A4: 2025年9月22日至2026年3月15日
A5: 單位計畫別 | E5: 預算科目 | G5: 本期間 | H5: 本期間 | I5: 本期間 | J5: 本期間 | K5: 本期間 | L5: 本期間 | M5: 說明 | N5: 委員會意見｜大會審議結果 | O5: 各部門備註
A6: 款 | B6: 項 | C6: 目 | D6: 節 | E6: 代碼 | F6: 名稱 | G6: 決算數 | H6: 決算百分比 | I6: 預算數 | J6: 百分比 | K6: 餘絀數 | L6: 預算執行率
F7: 合計 | G7: =G9+G365+G427 -> 1193805 | H7: 1 | I7: =I9+I365+I427 -> 1877453.4 | J7: 1 | K7: =I7-G7 -> 683648.37 | L7: =G7/I7 -> 0.635864
A9: 1 | B9: 0 | C9: 0 | D9: 0 | F9: 行政部門 | G9: =SUM(G11,G33,G52,G66,G80,G179,G220,G239,G287,G341) -> 1006930 | H9: =G9/G7 -> 0.84346271 | I9: =I11+I33+I52+I66+I80+I179+I220+I239+I287+I341 -> 1539832.5 | J9: =I9/$I$7 -> 0.82017082 | K9: =K11+K33+K52+K66+K80+K179+K220+K239+K287+K341 -> 417837.47 | L9: =G9/I9 -> 0.65392179
B11: 1 | C11: 0 | D11: 0 | F11: 會長 | G11: =SUM(G12,G24,G29) -> 48600 | H11: =G11/$G$9 -> 0.04826552 | I11: =I12+I24+I29 -> 147684.21 | J11: =I11/$I$9 -> 0.095909271 | K11: =SUM(K12,K24,K29) -> 99084.211 | L11: =G11/I11 -> 0.32908054
C12: 0 | D12: 1 | F12: 一般行政計畫 | G12: =SUM(G13:G23) -> 48600 | H12: =G12/G11 -> 1 | I12: =SUM(I13:I23) -> 125700 | J12: =I12/$I$11 -> 0.85114041 | K12: =SUM(K13:K23) -> 77100 | L12: =G12/I12 -> 0.38663484
E13: A02 | F13: 工作費 | G13: 33600 | H13: =G13/$G$12 -> 0.69135802 | I13: 69000 | J13: =I13/$I$12 -> 0.54892601 | K13: =I13-G13 -> 35400 | L13: =G13/I13 -> 0.48695652 | M13: 會長工作費：每小時 200 元，以每週 3小時計，共 23 週。共計200*3*23=13,800元。本工作費會長個人領取後，計劃支用於學生會事務上，若全學年結束後仍有剩餘，將回捐回學生會或校務基金運營使用。 | O13: 依實際執行狀況核銷。
M14: 副會長工作費：每小時 200 元，以每週 3小時計，共 23 週，共 2 名。共計200*3*23*2=27,600元。
M15: 會長秘書工作費：每小時 200 元，以每週 3 小時計，共 23 週，共 2 名。共計200*3*23*2=27,600元。
E16: B01 | F16: 行政費 | G16: 8000 | H16: =G16/$G$12 -> 0.16460905 | I16: 18000 | J16: =I16/$I$12 -> 0.14319809 | K16: =I16-G16 -> 10000 | L16: =G16/I16 -> 0.44444444 | M16: 依作業要點編列，會長、兩位副會長行政費，本期間以6個月計算，1,000元 / 月。共計1,000*6*3=18,000元 | N16: 凍結9,000元，解凍條件：將凍結部分之動支計畫送大會審議並同意後始得動支。 | O16: 依實際執行狀況核銷。
E17: B02 | F17: 餐費 | G17: 0 | H17: =G17/$G$12 -> 0 | I17: 7200 | J17: =I17/$I$12 -> 0.057279236 | K17: =I17-G17 -> 7200 | L17: =G17/I17 -> 0 | M17: 為促進會內連結，加深日後之協作與交流，特舉辦全會交流工作坊， | O17: 實際未辦理。
M18: 全會交流工作坊參與人員之正餐餐點費用，每次預計30人，共兩次。共計30*120*2=7,200元
E19: B05 | F19: 印刷費 | G19: 0 | H19: =G19/$G$12 -> 0 | I19: 1000 | J19: =I19/$I$12 -> 0.0079554495 | K19: =I19-G19 -> 1000 | L19: =G19/I19 -> 0 | M19: 臨時需印製各類文件、海報之費用。 | O19: 依實際執行狀況核銷。
E20: B20 | F20: 委辦費 | G20: 7000 | H20: =G20/$G$12 -> 0.14403292 | I20: 15000 | J20: =I20/$I$12 -> 0.11933174 | K20: =I20-G20 -> 8000 | L20: =G20/I20 -> 0.46666667 | M20: 承接 37-3 活大 237 會辦垃圾清運效益有所成果，本會期預計進一步請打掃公司清掃活大 237 空間將此空間之討論功能效益進一步擴展，同時為對應解決牆壁粉刷剝落之情形進行相關牆壁粉刷之維護任務。此外，也針對大一女地下室之學生會空間，一併進行垃圾清運與空間清掃之任務。 | O20: 依實際執行狀況核銷。
E21: B99 | F21: 雜支 | G21: 0 | H21: =G21/$G$12 -> 0 | I21: 500 | J21: =I21/$I$12 -> 0.0039777247 | K21: =I21-G21 -> 500 | L21: =G21/I21 -> 0 | M21: 依作業要點編列，每一計畫不超過500元。 | O21: 依實際執行狀況核銷。
E22: C01 | F22: 設備費 | G22: 0 | H22: =G22/$G$12 -> 0 | I22: 15000 | J22: =I22/$I$12 -> 0.11933174 | K22: =I22-G22 -> 15000 | L22: =G22/I22 -> 0 | M22: (1) 擬添購會辦投影機，共10,000元。 | O22: 實際未辦理。
M23: (2) 擬添購會辦水冷氣，共5,000元。
C24: 0 | D24: 2 | F24: Line官方帳號計畫 | G24: =SUM(G25:G27) -> 0 | H24: =G24/G11 -> 0 | I24: =SUM(I25:I27) -> 14600 | J24: =I24/I11 -> 0.098859587 | K24: =SUM(K25:K27) -> 14600 | L24: =G24/I24 -> 0
E25: A02 | F25: 工作費 | G25: 0 | H25: 0 | I25: 9600 | J25: =I25/$I$24 -> 0.65753425 | K25: =I25-G25 -> 9600 | L25: =G25/I25 -> 0 | M25: 帳號經營費用：每小時工資200元，每月工時8小時，共6個月。共計200*8*6=9,600元。
E26: B08 | F26: 廣告費 | G26: 0 | H26: 0 | I26: 1000 | J26: =I26/$I$24 -> 0.068493151 | K26: =I26-G26 -> 1000 | L26: =G26/I26 -> 0 | M26: 線下宣傳：海報與立板印製，共4張，估計1,000元。
E27: B12 | F27: 資通服務使用費 | G27: 0 | H27: 0 | I27: 4000 | J27: =I27/$I$24 -> 0.2739726 | K27: =I27-G27 -> 4000 | L27: =G27/I27 -> 0 | M27: Line官方帳號月費：使用中用量服務，估計4,800元 | N27: 一、減列800元。 二、修正科目名稱為「資通服務使用費」 （已修改數額及文字如左）
C29: 9 | D29: 9 | F29: 預備金 | G29: 0 | H29: =G29/G11 -> 0 | I29: =(I12+I24)/95*5 -> 7384.2105 | J29: =I29/I11 -> 0.05 | K29: =I29-G29 -> 7384.2105 | L29: =G29/I29 -> 0 | M29: 依預算法編列單位預算 5%。
B33: 2 | C33: 0 | D33: 0 | F33: 秘書處 | G33: =G34+G48 -> 56943 | H33: =G33/$G$9 -> 0.056551101 | I33: =I34+I48 -> 84105.263 | J33: =I33/$I$9 -> 0.054619749 | K33: =K34+K48 -> 27162.263 | L33: =G33/I33 -> 0.67704443
C34: 0 | D34: 1 | F34: 一般行政計畫 | G34: =SUM(G35:G47) -> 53228 | H34: =G34/G33 -> 0.93475932 | I34: =SUM(I35:I47) -> 79900 | J34: =I34/$I$33 -> 0.95 | K34: =SUM(K35:K47) -> 26672 | L34: =G34/I34 -> 0.66618273
E35: A02 | F35: 工作費 | G35: 19900 | H35: =G35/$G$34 -> 0.37386338 | I35: 20000 | J35: =I35/$I$34 -> 0.25031289 | K35: =I35-G35 -> 100 | L35: =G35/I35 -> 0.995 | M35: (1) 活動場地組：預計60小時
M36: (2) 空間財產組：預計30小時
M37: (3) 文書檔案組：預計10小時
M38: 每小時200元，共100小時，共計200*100=20,000元。
E39: B01 | F39: 行政費 | G39: 3000 | H39: =G39/$G$34 -> 0.056361314 | I39: 3000 | J39: =I39/$I$34 -> 0.037546934 | K39: =I39-G39 -> 0 | L39: =G39/I39 -> 1 | M39: 依作業要點編列，本期間以6個月計算，500元 / 月。共計500*6=3,000元
E40: B04 | F40: 耗材費 | G40: 2902 | H40: =G40/$G$34 -> 0.054520177 | I40: 3000 | J40: =I40/$I$34 -> 0.037546934 | K40: =I40-G40 -> 98 | L40: =G40/I40 -> 0.96733333 | M40: 預計作為全會耗材購置使用
E41: B05 | F41: 印刷費 | G41: 279 | H41: =G41/$G$34 -> 0.0052416022 | I41: 300 | J41: =I41/$I$34 -> 0.0037546934 | K41: =I41-G41 -> 21 | L41: =G41/I41 -> 0.93 | M41: 作為場地活動申請文件之印刷費
E42: B06 | F42: 場地費 | G42: 17040 | H42: =G42/$G$34 -> 0.32013226 | I42: 30000 | J42: =I42/$I$34 -> 0.37546934 | K42: =I42-G42 -> 12960 | L42: =G42/I42 -> 0.568 | M42: 各部門例會之場地費，本會期擬開例會之部門為資訊部、國際部、學術部轉型正義小組、學術部性別平等工作坊、學術部本土語言小組、文化部台大電影節
E43: B14 | F43: 手續費 | G43: 100 | H43: =G43/$G$34 -> 0.0018787105 | I43: 100 | J43: =I43/$I$34 -> 0.0012515645 | K43: =I43-G43 -> 0 | L43: =G43/I43 -> 1 | M43: 匯款給承包廠商之手續費用
E44: B15 | F44: 設備租借費 | G44: 0 | H44: =G44/$G$34 -> 0 | I44: 8000 | J44: =I44/$I$34 -> 0.10012516 | K44: =I44-G44 -> 8000 | L44: =G44/I44 -> 0 | M44: 租用設備臨時使用之費用 | O44: 實際未有需求故無辦理
E45: B99 | F45: 雜支 | G45: 0 | H45: =G45/$G$34 -> 0 | I45: 500 | J45: =I45/$I$34 -> 0.0062578223 | K45: =I45-G45 -> 500 | L45: =G45/I45 -> 0 | M45: 依作業要點編列，每一計畫不超過 500 元。 | O45: 實際未有需求故無辦理
E46: C01 | F46: 設備費 | G46: 5007 | H46: =G46/$G$34 -> 0.094067032 | I46: 10000 | J46: =I46/$I$34 -> 0.12515645 | K46: =I46-G46 -> 4993 | L46: =G46/I46 -> 0.5007 | M46: 設備維修添購，老舊物品汰換
E47: C02 | F47: 修繕費 | G47: 5000 | H47: =G47/$G$34 -> 0.093935523 | I47: 5000 | J47: =I47/$I$34 -> 0.062578223 | K47: =I47-G47 -> 0 | L47: =G47/I47 -> 1 | M47: 擬維修會辦內MA-708擴音器
C48: 9 | D48: 9 | F48: 預備金 | G48: 3715 | H48: =G48/G33 -> 0.065240679 | I48: =(I34)/0.95*0.05 -> 4205.2632 | J48: =I48/$I$33 -> 0.05 | K48: =I48-G48 -> 490.26316 | L48: =G48/I48 -> 0.88341677 | M48: 依預算法編列單位預算 5%。
B52: 3 | C52: 0 | D52: 0 | F52: 財務部 | G52: =SUM(G53,G62) -> 28050 | H52: =G52/$G$9 -> 0.027856951 | I52: =I53+I62 -> 30368 | J52: =I52/$I$9 -> 0.019721626 | K52: =K53+K62 -> 2318 | L52: =G52/I52 -> 0.92366965
C53: 0 | D53: 1 | F53: 一般行政計畫 | G53: =SUM(G54:G61) -> 28050 | H53: =G53/G52 -> 1 | I53: =SUM(I54:I61) -> 28850 | J53: =I53/$I$52 -> 0.95001317 | K53: =SUM(K54:K61) -> 800 | L53: =G53/I53 -> 0.97227036
E54: A02 | F54: 工作費 | G54: 18400 | H54: =G54/$G$53 -> 0.65597148 | I54: 18400 | J54: =I54/$I$53 -> 0.63778163 | K54: =I54-G54 -> 0 | L54: =G54/I54 -> 1 | M54: (1)：副部長1人處理核銷費用，每週約1小時，共23週，共計200*23=4,600。
M55: (2)：副部長1人處理出納費用，每週約1小時，共23週，共計200*23=4,600。
M56: (3)：部長處理預決算編造之費用，約46小時，共計200*46=9,200。
E57: B01 | F57: 行政費 | G57: 9000 | H57: =G57/$G$53 -> 0.32085561 | I57: 9000 | J57: =I57/$I$53 -> 0.31195841 | K57: =I57-G57 -> 0 | L57: =G57/I57 -> 1 | M57: 依作業要點編列，本期間以6個月計算，500元 / 月。共計500*6=3,000元
M58: 依作業要點編列，本期間以6個月計算，500元 / 月，共兩位副部長。共計500*6*2=6,000元
E59: B12 | F59: 資通服務使用費 | G59: 650 | H59: =G59/$G$53 -> 0.023172906 | I59: 650 | J59: =I59/$I$53 -> 0.022530329 | K59: =I59-G59 -> 0 | L59: =G59/I59 -> 1 | M59: Google雲端硬碟儲存空間續約費，採100GB方案，續約一年。共計650元。 | N59: 凍結650元，解凍條件：將資料轉移報告送至大會備查後始得動之。
E60: B14 | F60: 手續費 | G60: 0 | H60: =G60/$G$53 -> 0 | I60: 300 | J60: =I60/$I$53 -> 0.010398614 | K60: =I60-G60 -> 300 | L60: =G60/I60 -> 0 | M60: 金融往來之手續費，轉帳每次15元或30元，共300元。 | O60: 實際未有需求故無辦理
E61: B99 | F61: 雜支 | G61: 0 | H61: =G61/$G$53 -> 0 | I61: 500 | J61: =I61/$I$53 -> 0.017331023 | K61: =I61-G61 -> 500 | L61: =G61/I61 -> 0 | M61: 依作業要點編列，每一計畫不超過500元。 | O61: 實際未有需求故無辦理
C62: 9 | D62: 9 | F62: 預備金 | G62: 0 | H62: =G62/G52 -> 0 | I62: =ROUND(I53/95*5,0) -> 1518 | J62: =I62/$I$52 -> 0.049986828 | K62: =I62-G62 -> 1518 | L62: =G62/I62 -> 0 | M62: 依預算法編列單位預算 5%。
B66: 4 | C66: 0 | D66: 0 | F66: 學權部 | G66: =SUM(G68,G72,G76) -> 142954 | H66: =G66/$G$9 -> 0.14197015 | I66: =SUM(I68,I72,I76) -> 273054 | J66: =I66/$I$9 -> 0.17732708 | K66: =SUM(K68,K72,K76) -> 130100 | L66: =G66/I66 -> 0.52353747
C68: 0 | D68: 1 | F68: 一般行政計畫 | G68: =SUM(G69:G71) -> 22700 | H68: =G68/$G$66 -> 0.15879234 | I68: =SUM(I69:I71) -> 22700 | J68: =I68/I66 -> 0.083133739 | K68: =SUM(K69:K71) -> 0 | L68: =G68/I68 -> 1
E69: A02 | F69: 工作費 | G69: 19200 | H69: =G69/$G$68 -> 0.84581498 | I69: 19200 | J69: =I69/$I$68 -> 0.84581498 | K69: =I69-G69 -> 0 | L69: =G69/I69 -> 1 | M69: 陳情工作人員，每小時 200 元，每案陳情約需耗時 6 小時，本會期預計共收 16 案，共 96 小時。共計200*96=19,200 元。
E70: B01 | F70: 行政費 | G70: 3000 | H70: =G70/$G$68 -> 0.13215859 | I70: 3000 | J70: =I70/$I$68 -> 0.13215859 | K70: =I70-G70 -> 0 | L70: =G70/I70 -> 1 | M70: 依作業要點編列，本期間以6個月計算，500元 / 月。共計500*6=3,000元
E71: B99 | F71: 雜支 | G71: 500 | H71: =G71/$G$68 -> 0.022026432 | I71: 500 | J71: =I71/$I$68 -> 0.022026432 | K71: =I71-G71 -> 0 | L71: =G71/I71 -> 1 | M71: 依作業要點編列，每一計畫不超過500元。
C72: 0 | D72: 2 | F72: 臺灣大學花蓮光復賑災補助計劃 | G72: =SUM(G73:G74) -> 109104 | H72: =G72/$G$66 -> 0.76321054 | I72: =SUM(I73:I74) -> 236701 | J72: =I72/I66 -> 0.86686516 | K72: =SUM(K73:K74) -> 127597 | L72: =G72/I72 -> 0.46093595 | O72: 因補助未完全被領取，後轉由城鄉所馬太鞍相關計劃運用
E73: B10 | F73: 差旅費 | G73: 88255 | H73: =G73/$G$72 -> 0.8089071 | I73: 213000 | J73: =I73/$I$72 -> 0.89986946 | K73: =I73-G73 -> 124745 | L73: =G73/I73 -> 0.41434272 | M73: 每人補助台北-光復來回車票1,400，若停留超過一天，每天會多補助光復-花蓮的來回車票錢198。因採實報實銷與為保留業務彈性，共計213,000元。
E74: B16 | F74: 保險費 | G74: 20849 | H74: =G74/$G$72 -> 0.1910929 | I74: 23701 | J74: =I74/$I$72 -> 0.10013054 | K74: =I74-G74 -> 2852 | L74: =G74/I74 -> 0.87966752 | M74: 保險費一天137元，因每人停留時間不一，故以天數計算，共173天。共計137*173=23,701元。
C76: 9 | D76: 9 | F76: 預備金 | G76: 11150 | H76: =G76/$G$66 -> 0.077997118 | I76: =ROUND((I68+I72)/95*5,0) -> 13653 | J76: =I76/I66 -> 0.050001099 | K76: =I76-G76 -> 2503 | L76: =G76/I76 -> 0.81667033 | M76: 依預算法編列單位預算 5%。
B80: 5 | C80: 0 | D80: 0 | F80: 學術部 | G80: =G82+G85+G120+G139+G151+G175 -> 116558 | H80: =G80/$G$9 -> 0.11575581 | I80: =SUM(I82,I85,I120,I139,I151,I175) -> 169579 | J80: =I80/$I$9 -> 0.11012821 | K80: =I80-G80 -> 53021 | L80: =G80/I80 -> 0.68733747
C82: 0 | D82: 1 | F82: 一般行政計畫 | G82: =G83 -> 6000 | H82: =G82/G80 -> 0.051476518 | I82: =I83 -> 6000 | J82: =I82/$I$80 -> 0.035381739 | K82: =SUM(K83) -> 0 | L82: =G82/I82 -> 1
E83: B01 | F83: 行政費 | G83: 6000 | H83: =G83/G82 -> 1 | I83: 6000 | J83: =I83/$I$82 -> 1 | K83: =I83-G83 -> 0 | L83: =G83/I83 -> 1 | M83: 依作業要點編列，本期間以6個月計算，本單位有1位部長。共計500*6=3,000元
M84: 依作業要點編列，本期間以6個月計算，500元 / 月，共一位副部長。共計500*6=3,000元
C85: 1 | D85: 0 | F85: 性別平等工作坊 | G85: =SUM(G86,G89,G93,G97,G108,G112) -> 33400 | H85: =G85/G80 -> 0.28655262 | I85: =SUM(I86,I89,I93,I97,I108,I112) -> 55220 | J85: =I85/$I$80 -> 0.32562994 | K85: =K86+K89+K93 -> 9500 | L85: =G85/I85 -> 0.60485331
D86: 1 | F86: 一般行政計畫 | G86: =SUM(G87) -> 0 | H86: =G86/$G$85 -> 0 | I86: =SUM(I87) -> 6000 | J86: =I86/$I$85 -> 0.10865628 | K86: =K87 -> 6000 | L86: =G86/I86 -> 0
E87: B01 | F87: 行政費 | G87: 0 | H87: 0 | I87: 6000 | J87: =I87/$I$86 -> 1 | K87: =I87-G87 -> 6000 | L87: =G87/I87 -> 0 | M87: 依作業要點編列，本期間以6個月計算，500元 / 月。共計500*6=3,000元
M88: 依作業要點編列，本期間以6個月計算，500元 / 月，本小組有第二位負責人。共計500*6=3,000元
D89: 2 | F89: 生理用品交換站暨月經議題倡議計畫 | G89: =SUM(G90:G92) -> 1600 | H89: =G89/$G$85 -> 0.047904192 | I89: =SUM(I90:I92) -> 5820 | J89: =I89/$I$85 -> 0.1053966 | K89: =SUM(K90:K91) -> 200 | L89: =G89/I89 -> 0.27491409
E90: A02 | F90: 工作費 | G90: 1400 | H90: =G90/$G$89 -> 0.875 | I90: 1600 | J90: =I90/$I$89 -> 0.27491409 | K90: =I90-G90 -> 200 | L90: =G90/I90 -> 0.875 | M90: 生理用品交換站維護費：每小時200元，預計投入8小時。共計200*8=1,600 元。
E91: A03 | F91: 稿費 | G91: 200 | H91: =G91/$G$89 -> 0.125 | I91: 200 | J91: =I91/$I$89 -> 0.034364261 | K91: =I91-G91 -> 0 | L91: =G91/I91 -> 1 | M91: 圖卡製作：預計將製作兩張圖卡用於更新校園生理用品交換站站點資訊維護，一張圖 100 元，共計 200元。
E92: B04 | F92: 耗材費 | G92: 0 | H92: =G92/$G$89 -> 0 | I92: 4020 | J92: =I92/$I$89 -> 0.69072165 | K92: =I92-G92 -> 4020 | L92: =G92/I92 -> 0 | M92: 生理用品購買：預計購買衛生棉100包，一包二十片，共2,000片，分兩箱寄送。一箱運費60元，一包39 元，共計 39*100 + 60*2 =4,020 元。 | O92: 前期庫存尚足夠支應上學期的用量，因此沒有多採買
D93: 3 | F93: 研擬學生會推選性平委遴選規則 | G93: =SUM(G94:G95) -> 3400 | H93: =G93/$G$85 -> 0.10179641 | I93: =SUM(I94:I95) -> 6700 | J93: =I93/$I$85 -> 0.12133285 | K93: =SUM(K94:K95) -> 3300 | L93: =G93/I93 -> 0.50746269
E94: A02 | F94: 工作費 | G94: 1200 | H94: =G94/$G$93 -> 0.35294118 | I94: 1200 | J94: =I94/$I$93 -> 0.17910448 | K94: =I94-G94 -> 0 | L94: =G94/I94 -> 1 | M94: 表單設計及活動執行：每小時200元，預計投入6小時。共計200*6=1,200元。
E95: A03 | F95: 稿費 | G95: 2200 | H95: =G95/$G$93 -> 0.64705882 | I95: 5500 | J95: =I95/$I$93 -> 0.82089552 | K95: =I95-G95 -> 3300 | L95: =G95/I95 -> 0.4 | M95: (1)製圖費：預計第一期間將進行 5 次的社群平台圖文宣傳，一張圖 300 元，共計300*5=1500元。 | O95: 後來評估使用情況和組織發文排程，認為不需要多發文宣傳
M96: (2)投稿內容回覆及貼文文案撰寫：預計第一期間將發布 5 次的回覆貼文，每篇貼文預計1000字，每字0.8元。共計800*5=4,000元。
D97: 4 | F97: 台大校內同志大遊行 | G97: =SUM(G98:G107) -> 10300 | H97: =G97/$G$85 -> 0.30838323 | I97: =SUM(I98:I107) -> 16800 | J97: =I97/$I$85 -> 0.3042376 | K97: =SUM(K98:K107) -> 6500 | L97: =G97/I97 -> 0.61309524
E98: A02 | F98: 工作費 | G98: 1400 | H98: =G98/$G$97 -> 0.13592233 | I98: 1400 | J98: =I98/$I$97 -> 0.083333333 | K98: =I98-G98 -> 0 | L98: =G98/I98 -> 1 | M98: (1)聯絡及執行費用：每小時200元，預計投入2小時。共計200*2=400 元。
M99: (2)活動籌辦費用：每小時200元，預計投入5小時。共計200*5=1,000元
E100: A03 | F100: 稿費 | G100: 8900 | H100: =G100/$G$97 -> 0.86407767 | I100: 8900 | J100: =I100/$I$97 -> 0.5297619 | K100: =I100-G100 -> 0 | L100: =G100/I100 -> 1 | M100: (1)製圖費：遊行議題倡議，1 張圖 300 元，共6張，共計300*6=1,800元。
M101: (2)撰稿費用：撰稿費用：參與遊行的協辦單位共六個，每個協辦單位發 1 篇貼文，每篇貼文 800 元，共計800*6=4,800元。
M102: (3)宣傳與邀請文：活動公告、宣傳文案、全校信、邀請友社組織信與講師邀請信，每篇文 500 字，預計五篇，每字 0.8 元，共計2,000元。
M103: (4)主視覺設計：活動宣傳設計製圖，一張圖 300 元，共 300 元。
E104: A04 | F104: 鐘點費 | G104: 0 | H104: =G104/$G$97 -> 0 | I104: 4000 | J104: =I104/$I$97 -> 0.23809524 | K104: =I104-G104 -> 4000 | L104: =G104/I104 -> 0 | M104: 鐘點費—講師費（校內）：預計共邀 2 人，每場 2 小時，每小時 1,000 元，共計1,000*2*2=4,000元 | O104: 講師很友善說不收錢
E105: B05 | F105: 印刷費 | G105: 0 | H105: =G105/$G$97 -> 0 | I105: 2500 | J105: =I105/$I$97 -> 0.14880952 | K105: =I105-G105 -> 2500 | L105: =G105/I105 -> 0 | M105: (1)海報：宣傳海報印刷一式，共500元。
M106: (2)張貼用活動傳單：一份彩色印刷活動傳單初估費用需 50 元，預計將張貼 10 份，共計50*10=500 元。
M107: (3)標語手板：標語手板製作，五張，一張300元。共計300*5=1,500元。
D108: 5 | F108: 親密關係專欄文章 | G108: =SUM(G109:G111) -> 10000 | H108: =G108/$G$85 -> 0.2994012 | I108: =SUM(I109:I111) -> 10000 | J108: =I108/$I$85 -> 0.18109381 | K108: =SUM(K109:K111) -> 0 | L108: =G108/I108 -> 1 | N108: 修正計畫名稱為「親密關係專欄文章」。 （已修改數額及文字如左）
E109: A02 | F109: 工作費 | G109: 1000 | H109: =G109/$G$108 -> 0.1 | I109: 1000 | J109: =I109/$I$108 -> 0.1 | K109: =I109-G109 -> 0 | L109: =G109/I109 -> 1 | M109: 專欄主題設計及活動執行：每小時200元，預計投入5小時。共計200*5=1,000元。
E110: A03 | F110: 稿費 | G110: 9000 | H110: =G110/$G$108 -> 0.9 | I110: 9000 | J110: =I110/$I$108 -> 0.9 | K110: =I110-G110 -> 0 | L110: =G110/I110 -> 1 | M110: (1)製圖費：預計將進行 6 次的社群平台配合圖文宣傳，一張圖 300 元，共計300*6=1,800元。
M111: (2)專欄文案撰寫：預計發布 6 次的貼文，每篇貼文 1500 字，每字 0.8 元，共計1500*0.8*6=7,200元
D112: 6 | F112: 愛在校園蔓延時_性工坊午餐live podcast活動 | G112: =SUM(G113:G119) -> 8100 | H112: =G112/$G$85 -> 0.24251497 | I112: =SUM(I113:I119) -> 9900 | J112: =I112/$I$85 -> 0.17928287 | K112: =SUM(K113:K119) -> 1800 | L112: =G112/I112 -> 0.81818182
E113: A02 | F113: 工作費 | G113: 1400 | H113: =G113/$G$112 -> 0.17283951 | I113: 1400 | J113: =I113/$I$112 -> 0.14141414 | K113: =I113-G113 -> 0 | L113: =G113/I113 -> 1 | M113: (1)事前籌辦：每小時200元，預計投入5小時。共計200*5=1,000元。
M114: (2)當天主持、紀錄：每小時200元，預計投入2小時。共計200*2=400元。
E115: A03 | F115: 稿費 | G115: 1100 | H115: =G115/$G$112 -> 0.13580247 | I115: 2200 | J115: =I115/$I$112 -> 0.22222222 | K115: =I115-G115 -> 1100 | L115: =G115/I115 -> 0.5 | M115: (1)稿費：活動前宣傳、活動後回顧貼文需要兩篇文案，預計共1000字，每字0.8元。共計1000*0.8*2=1,600元
M116: (2)製圖費：活動前宣傳、活動後回顧貼文共需要兩篇貼文的封面圖，每張製圖費300元。共計300*2=600元
E117: A04 | F117: 鐘點費 | G117: 2000 | H117: =G117/$G$112 -> 0.24691358 | I117: 2000 | J117: =I117/$I$112 -> 0.2020202 | K117: =I117-G117 -> 0 | L117: =G117/I117 -> 1 | M117: 校內外專家學者對談鐘點費：本活動將邀請校外專家參與論壇討論，每位專家 1,000 元，共2位。共計2,000元。
E118: B02 | F118: 餐費 | G118: 3600 | H118: =G118/$G$112 -> 0.44444444 | I118: 3600 | J118: =I118/$I$112 -> 0.36363636 | K118: =I118-G118 -> 0 | L118: =G118/I118 -> 1 | M118: 餐食：本次活動透過提供餐盒吸引學生參加，預估有30位同學參加。共計120*30=3,600元。
...

Sheet 可以砍的地方
A1: 1201 | B1: A02 | C1: 16800 | E1: 返鄉專車 | F1: 20-30萬
A2: 1301 | B2: B03 | C2: 3040 | E2: 校慶 | F2: 45000 | G2: 跟院學生會合辦
B3: B10 | C3: 300 | G3: 攤位 帳篷
A4: 1402 | C4: 6500
A5: 1432 | C5: 6800
A6: 1613 | C6: 15000
A7: 1633 | C7: 15000
C12: =SUM(C1:C11) -> 63440
